/*
blogdbuQL Backup
Database: blogdb/public
Backup Time: 2024-06-02 04:06:49
*/

DROP SEQUENCE IF EXISTS "public"."migrations_id_seq";
DROP TABLE IF EXISTS "public"."categories";
DROP TABLE IF EXISTS "public"."comments";
DROP TABLE IF EXISTS "public"."migrations";
DROP TABLE IF EXISTS "public"."posts";
DROP TABLE IF EXISTS "public"."settings";
DROP TABLE IF EXISTS "public"."users";
DROP FUNCTION IF EXISTS "public"."uuid_generate_v1()";
DROP FUNCTION IF EXISTS "public"."uuid_generate_v1mc()";
DROP FUNCTION IF EXISTS "public"."uuid_generate_v3(namespace uuid, name text)";
DROP FUNCTION IF EXISTS "public"."uuid_generate_v4()";
DROP FUNCTION IF EXISTS "public"."uuid_generate_v5(namespace uuid, name text)";
DROP FUNCTION IF EXISTS "public"."uuid_nil()";
DROP FUNCTION IF EXISTS "public"."uuid_ns_dns()";
DROP FUNCTION IF EXISTS "public"."uuid_ns_oid()";
DROP FUNCTION IF EXISTS "public"."uuid_ns_url()";
DROP FUNCTION IF EXISTS "public"."uuid_ns_x500()";
DROP TYPE IF EXISTS "public"."categories_status_enum";
DROP TYPE IF EXISTS "public"."posts_status_enum";
DROP TYPE IF EXISTS "public"."users_role_enum";
DROP TYPE IF EXISTS "public"."users_status_enum";
CREATE SEQUENCE "migrations_id_seq" 
INCREMENT 1
MINVALUE  1
MAXVALUE 2147483647
START 1
CACHE 1;
CREATE TYPE "categories_status_enum" AS ENUM (
  'PUBLISHED',
  'UNPUBLISHED',
  'ARCHIVED',
  'TRASHED'
);
ALTER TYPE "categories_status_enum" OWNER TO "blogdbu";
CREATE TYPE "posts_status_enum" AS ENUM (
  'PUBLISHED',
  'UNPUBLISHED',
  'ARCHIVED',
  'TRASHED'
);
ALTER TYPE "posts_status_enum" OWNER TO "blogdbu";
CREATE TYPE "users_role_enum" AS ENUM (
  'NONE',
  'BASIC',
  'EDITOR',
  'MODERATOR',
  'ADMIN'
);
ALTER TYPE "users_role_enum" OWNER TO "blogdbu";
CREATE TYPE "users_status_enum" AS ENUM (
  'PENDING',
  'ENABLED',
  'BANNED'
);
ALTER TYPE "users_status_enum" OWNER TO "blogdbu";
CREATE TABLE "categories" (
  "id" uuid NOT NULL DEFAULT uuid_generate_v4(),
  "created_at" timestamp(6) NOT NULL DEFAULT now(),
  "updated_at" timestamp(6) NOT NULL DEFAULT now(),
  "title" varchar COLLATE "pg_catalog"."default" NOT NULL,
  "description" varchar COLLATE "pg_catalog"."default" NOT NULL,
  "image" text COLLATE "pg_catalog"."default" NOT NULL,
  "status" "public"."categories_status_enum" NOT NULL DEFAULT 'UNPUBLISHED'::categories_status_enum,
  "author_id" uuid
)
;
ALTER TABLE "categories" OWNER TO "blogdbu";
CREATE TABLE "comments" (
  "id" uuid NOT NULL DEFAULT uuid_generate_v4(),
  "created_at" timestamp(6) NOT NULL DEFAULT now(),
  "updated_at" timestamp(6) NOT NULL DEFAULT now(),
  "message" varchar COLLATE "pg_catalog"."default" NOT NULL,
  "author_id" uuid,
  "post_id" uuid
)
;
ALTER TABLE "comments" OWNER TO "blogdbu";
CREATE TABLE "migrations" (
  "id" int4 NOT NULL DEFAULT nextval('migrations_id_seq'::regclass),
  "timestamp" int8 NOT NULL,
  "name" varchar COLLATE "pg_catalog"."default" NOT NULL
)
;
ALTER TABLE "migrations" OWNER TO "blogdbu";
CREATE TABLE "posts" (
  "id" uuid NOT NULL DEFAULT uuid_generate_v4(),
  "created_at" timestamp(6) NOT NULL DEFAULT now(),
  "updated_at" timestamp(6) NOT NULL DEFAULT now(),
  "title" varchar COLLATE "pg_catalog"."default" NOT NULL,
  "description" varchar COLLATE "pg_catalog"."default" NOT NULL,
  "image" text COLLATE "pg_catalog"."default" NOT NULL,
  "content" text COLLATE "pg_catalog"."default" NOT NULL,
  "status" "public"."posts_status_enum" NOT NULL DEFAULT 'UNPUBLISHED'::posts_status_enum,
  "author_id" uuid,
  "category_id" uuid
)
;
ALTER TABLE "posts" OWNER TO "blogdbu";
CREATE TABLE "settings" (
  "id" varchar COLLATE "pg_catalog"."default" NOT NULL,
  "updated_at" timestamp(6) NOT NULL DEFAULT now(),
  "brand" varchar COLLATE "pg_catalog"."default",
  "facebook" varchar COLLATE "pg_catalog"."default",
  "instagram" varchar COLLATE "pg_catalog"."default",
  "twitterx" varchar COLLATE "pg_catalog"."default",
  "linkedin" varchar COLLATE "pg_catalog"."default",
  "youtube" varchar COLLATE "pg_catalog"."default",
  "tiktok" varchar COLLATE "pg_catalog"."default",
  "terms" text COLLATE "pg_catalog"."default"
)
;
ALTER TABLE "settings" OWNER TO "blogdbu";
CREATE TABLE "users" (
  "id" uuid NOT NULL DEFAULT uuid_generate_v4(),
  "created_at" timestamp(6) NOT NULL DEFAULT now(),
  "updated_at" timestamp(6) NOT NULL DEFAULT now(),
  "username" varchar COLLATE "pg_catalog"."default" NOT NULL,
  "email" varchar COLLATE "pg_catalog"."default" NOT NULL,
  "password" varchar COLLATE "pg_catalog"."default" NOT NULL,
  "status" "public"."users_status_enum" NOT NULL DEFAULT 'PENDING'::users_status_enum,
  "role" "public"."users_role_enum" NOT NULL DEFAULT 'BASIC'::users_role_enum,
  "karma" int4 NOT NULL,
  "avatar" text COLLATE "pg_catalog"."default" NOT NULL,
  "first_name" varchar COLLATE "pg_catalog"."default" NOT NULL,
  "last_name" varchar COLLATE "pg_catalog"."default" NOT NULL,
  "age" int4 NOT NULL,
  "city" varchar COLLATE "pg_catalog"."default" NOT NULL,
  "country" varchar COLLATE "pg_catalog"."default" NOT NULL
)
;
ALTER TABLE "users" OWNER TO "blogdbu";
CREATE OR REPLACE FUNCTION "uuid_generate_v1"()
  RETURNS "pg_catalog"."uuid" AS '$libdir/uuid-ossp', 'uuid_generate_v1'
  LANGUAGE c VOLATILE STRICT
  COST 1;
ALTER FUNCTION "uuid_generate_v1"() OWNER TO "blogdbu";
CREATE OR REPLACE FUNCTION "uuid_generate_v1mc"()
  RETURNS "pg_catalog"."uuid" AS '$libdir/uuid-ossp', 'uuid_generate_v1mc'
  LANGUAGE c VOLATILE STRICT
  COST 1;
ALTER FUNCTION "uuid_generate_v1mc"() OWNER TO "blogdbu";
CREATE OR REPLACE FUNCTION "uuid_generate_v3"("namespace" uuid, "name" text)
  RETURNS "pg_catalog"."uuid" AS '$libdir/uuid-ossp', 'uuid_generate_v3'
  LANGUAGE c IMMUTABLE STRICT
  COST 1;
ALTER FUNCTION "uuid_generate_v3"("namespace" uuid, "name" text) OWNER TO "blogdbu";
CREATE OR REPLACE FUNCTION "uuid_generate_v4"()
  RETURNS "pg_catalog"."uuid" AS '$libdir/uuid-ossp', 'uuid_generate_v4'
  LANGUAGE c VOLATILE STRICT
  COST 1;
ALTER FUNCTION "uuid_generate_v4"() OWNER TO "blogdbu";
CREATE OR REPLACE FUNCTION "uuid_generate_v5"("namespace" uuid, "name" text)
  RETURNS "pg_catalog"."uuid" AS '$libdir/uuid-ossp', 'uuid_generate_v5'
  LANGUAGE c IMMUTABLE STRICT
  COST 1;
ALTER FUNCTION "uuid_generate_v5"("namespace" uuid, "name" text) OWNER TO "blogdbu";
CREATE OR REPLACE FUNCTION "uuid_nil"()
  RETURNS "pg_catalog"."uuid" AS '$libdir/uuid-ossp', 'uuid_nil'
  LANGUAGE c IMMUTABLE STRICT
  COST 1;
ALTER FUNCTION "uuid_nil"() OWNER TO "blogdbu";
CREATE OR REPLACE FUNCTION "uuid_ns_dns"()
  RETURNS "pg_catalog"."uuid" AS '$libdir/uuid-ossp', 'uuid_ns_dns'
  LANGUAGE c IMMUTABLE STRICT
  COST 1;
ALTER FUNCTION "uuid_ns_dns"() OWNER TO "blogdbu";
CREATE OR REPLACE FUNCTION "uuid_ns_oid"()
  RETURNS "pg_catalog"."uuid" AS '$libdir/uuid-ossp', 'uuid_ns_oid'
  LANGUAGE c IMMUTABLE STRICT
  COST 1;
ALTER FUNCTION "uuid_ns_oid"() OWNER TO "blogdbu";
CREATE OR REPLACE FUNCTION "uuid_ns_url"()
  RETURNS "pg_catalog"."uuid" AS '$libdir/uuid-ossp', 'uuid_ns_url'
  LANGUAGE c IMMUTABLE STRICT
  COST 1;
ALTER FUNCTION "uuid_ns_url"() OWNER TO "blogdbu";
CREATE OR REPLACE FUNCTION "uuid_ns_x500"()
  RETURNS "pg_catalog"."uuid" AS '$libdir/uuid-ossp', 'uuid_ns_x500'
  LANGUAGE c IMMUTABLE STRICT
  COST 1;
ALTER FUNCTION "uuid_ns_x500"() OWNER TO "blogdbu";
BEGIN;
LOCK TABLE "public"."categories" IN SHARE MODE;
DELETE FROM "public"."categories";
INSERT INTO "public"."categories" ("id","created_at","updated_at","title","description","image","status","author_id") VALUES ('3690e254-520c-4c2d-bbaf-9e941a42bf24', '2024-04-06 18:29:50.836759', '2024-04-06 18:29:50.836759', 'Default Category 2', 'Default Category description 2', 'https://getlorem.com/static/images/cicero2.jpg', 'PUBLISHED', 'ce77df22-d5ee-423e-99ca-23d64287573a'),('0062df53-ba89-4d36-8521-d18dd75dbeaf', '2024-05-22 22:40:48.28474', '2024-05-22 22:40:48.28474', 'Default Category 3e', 'Default Category description 3e', 'https://getlorem.com/static/images/cicero2.jpg', 'UNPUBLISHED', 'ce77df22-d5ee-423e-99ca-23d64287573a'),('c415cd28-e27f-43eb-831a-38093295a2bb', '2024-05-22 21:37:47.904607', '2024-05-22 21:37:47.904607', 'Default Category 3b', 'Default Category description 3b', 'https://getlorem.com/static/images/cicero2.jpg', 'UNPUBLISHED', 'ce77df22-d5ee-423e-99ca-23d64287573a'),('dfa9805a-b9f1-4411-8056-c649761abd77', '2024-05-22 22:32:43.073806', '2024-05-22 22:32:43.073806', 'Default Category 3d', 'Default Category description 3d', 'https://getlorem.com/static/images/cicero2.jpg', 'UNPUBLISHED', 'ce77df22-d5ee-423e-99ca-23d64287573a'),('117787a6-ae39-4dd0-ae7b-cea712b153ee', '2024-04-06 18:25:29.759575', '2024-04-06 18:25:29.759575', 'Default Category', 'Default Category description', 'https://getlorem.com/static/images/cicero2.jpg', 'PUBLISHED', 'ce77df22-d5ee-423e-99ca-23d64287573a'),('e5ad8378-1023-4446-9323-3a4ca6d6cca3', '2024-05-22 14:22:42.701459', '2024-05-22 14:22:42.701459', 'Default Category 3', 'Default Category description 3', 'https://getlorem.com/static/images/cicero2.jpg', 'PUBLISHED', 'ce77df22-d5ee-423e-99ca-23d64287573a'),('641b7b50-f563-4089-a785-8a2329b0fb47', '2024-05-22 22:32:11.099991', '2024-05-26 22:40:47.573475', 'Default Category 3c', 'Default Category description 3c', 'https://getlorem.com/static/images/cicero2.jpg', 'ARCHIVED', 'ce77df22-d5ee-423e-99ca-23d64287573a'),('82c91c87-b248-4491-a295-436bb1850ea5', '2024-05-23 00:23:54.17399', '2024-05-23 00:23:54.17399', 'Categoria 4', 'Default Category description 4', 'https://getlorem.com/static/images/cicero2.jpg', 'PUBLISHED', 'ce77df22-d5ee-423e-99ca-23d64287573a'),('7410e256-c1c4-49f1-b301-3af935d001ad', '2024-05-23 00:13:09.209516', '2024-05-27 11:21:20.420476', 'Default Category (Updated!)', 'Default Category description 3f', 'https://getlorem.com/static/images/cicero2.jpg', 'UNPUBLISHED', 'ce77df22-d5ee-423e-99ca-23d64287573a'),('9071eef8-3161-4620-b86a-761b41b9d975', '2024-05-22 21:33:37.931779', '2024-05-27 22:32:19.329665', 'Default Category 5', 'Default Category description 5', 'https://getlorem.com/static/images/cicero2.jpg', 'PUBLISHED', '20a8f0bd-4ec0-48a2-b41f-d1badb3dac9a'),('42a7e7ef-6924-4849-b00b-d784dba6c028', '2024-05-23 00:14:05.779268', '2024-05-27 23:03:36.470773', 'Default Category 6', 'Default Category description 6', 'https://getlorem.com/static/images/cicero2.jpg', 'UNPUBLISHED', 'ce77df22-d5ee-423e-99ca-23d64287573a');
COMMIT;
BEGIN;
LOCK TABLE "public"."comments" IN SHARE MODE;
DELETE FROM "public"."comments";
INSERT INTO "public"."comments" ("id","created_at","updated_at","message","author_id","post_id") VALUES ('979e1eab-bad3-4985-af20-59838ad00955', '2024-05-23 18:04:54.271768', '2024-05-23 18:04:54.271768', 'Este es un mensaje de prueba 04', 'ce77df22-d5ee-423e-99ca-23d64287573a', 'bc78c13a-6eac-4950-a853-2ceb2ed32d75'),('aa4f05a3-a78e-428e-961c-64bd02fe64dd', '2024-05-23 18:05:11.103146', '2024-05-23 18:05:11.103146', 'Este es un mensaje de prueba!!!', 'ce77df22-d5ee-423e-99ca-23d64287573a', 'bc78c13a-6eac-4950-a853-2ceb2ed32d75'),('4227921a-4d7a-43a6-899b-f3c9e6dc165b', '2024-05-23 18:07:09.106282', '2024-05-23 18:07:09.106282', 'Este es un mensaje de prueba 2!!!', 'ce77df22-d5ee-423e-99ca-23d64287573a', 'bc78c13a-6eac-4950-a853-2ceb2ed32d75'),('fa3bfcae-97da-401b-9f32-cf76cb2bad9f', '2024-05-23 18:23:48.755958', '2024-05-23 18:23:48.755958', 'sdfdsfdsf', 'ce77df22-d5ee-423e-99ca-23d64287573a', 'bc78c13a-6eac-4950-a853-2ceb2ed32d75'),('2f0d4673-0ee3-4566-ba74-8aac48667561', '2024-05-23 21:51:49.263425', '2024-05-23 21:51:49.263425', 'fdfdsfdsfds', 'ce77df22-d5ee-423e-99ca-23d64287573a', 'bc78c13a-6eac-4950-a853-2ceb2ed32d75'),('b5874372-e167-4ee2-96ce-aed345bc0232', '2024-05-23 21:53:03.543158', '2024-05-23 21:53:03.543158', 'ffghddfgf3 4543523', 'ce77df22-d5ee-423e-99ca-23d64287573a', 'bc78c13a-6eac-4950-a853-2ceb2ed32d75'),('93807bd4-8c7a-41bd-b522-4dc3bc277695', '2024-05-23 21:54:18.176287', '2024-05-23 21:54:18.176287', 'ffghddfgf3 4543523', 'ce77df22-d5ee-423e-99ca-23d64287573a', 'bc78c13a-6eac-4950-a853-2ceb2ed32d75'),('967a61b1-28ec-4d21-a158-a5c29d66dd4f', '2024-04-06 18:52:45.651306', '2024-04-06 18:52:45.651306', 'Este es un mensaje de prueba 03', '20a8f0bd-4ec0-48a2-b41f-d1badb3dac9a', '63cddf5d-7d14-4082-82ba-7b51660601d3'),('cd8f6015-1356-48d5-8298-69985cf8d259', '2024-04-06 18:52:34.615192', '2024-04-06 18:52:34.615192', 'Este es un mensaje de prueba 02', 'ce77df22-d5ee-423e-99ca-23d64287573a', 'af57f9cd-2823-481e-896c-4b989fbc43dc'),('da9e7077-66bb-46a2-b3b4-815d4c774bf0', '2024-04-06 18:52:29.866309', '2024-04-06 18:52:29.866309', 'Este es un mensaje de prueba 01', 'ce77df22-d5ee-423e-99ca-23d64287573a', '63cddf5d-7d14-4082-82ba-7b51660601d3'),('e37cd4be-8d47-42c8-80d1-58ec182297c1', '2024-05-25 14:32:45.238888', '2024-05-28 14:31:50.108528', 'Mensaje de prueba nuevo v2', 'ce77df22-d5ee-423e-99ca-23d64287573a', 'bc78c13a-6eac-4950-a853-2ceb2ed32d75'),('e2dacc7c-8c9c-4665-9a04-c0f6b2024478', '2024-05-23 21:49:49.110954', '2024-05-28 21:09:05.53944', 'Prueba de *********', 'ce77df22-d5ee-423e-99ca-23d64287573a', 'bc78c13a-6eac-4950-a853-2ceb2ed32d75'),('8340780e-1d3c-49af-8c6f-fc58506ac9bf', '2024-06-01 20:33:04.837782', '2024-06-01 20:33:04.837782', 'dsadasdasdas', 'ce77df22-d5ee-423e-99ca-23d64287573a', 'bc78c13a-6eac-4950-a853-2ceb2ed32d75'),('e6d71169-2889-4318-8cf2-5dc2ae36bad8', '2024-06-01 21:47:45.904294', '2024-06-01 21:47:45.904294', 'Mensaje de pruebaaaaaa ', 'ce77df22-d5ee-423e-99ca-23d64287573a', 'af57f9cd-2823-481e-896c-4b989fbc43dc'),('8a4c933e-1b18-4d77-a815-6648496f1a11', '2024-06-01 21:47:48.72609', '2024-06-01 21:47:48.72609', 'Mensaje de pruebaaaaaa ', 'ce77df22-d5ee-423e-99ca-23d64287573a', 'af57f9cd-2823-481e-896c-4b989fbc43dc'),('51cd7d70-9606-4fff-a02c-1323921485aa', '2024-06-01 21:47:49.082964', '2024-06-01 21:47:49.082964', 'Mensaje de pruebaaaaaa ', 'ce77df22-d5ee-423e-99ca-23d64287573a', 'af57f9cd-2823-481e-896c-4b989fbc43dc'),('7f1e3874-5220-463e-a72b-980b9614c5ba', '2024-06-01 21:47:49.406718', '2024-06-01 21:47:49.406718', 'Mensaje de pruebaaaaaa ', 'ce77df22-d5ee-423e-99ca-23d64287573a', 'af57f9cd-2823-481e-896c-4b989fbc43dc'),('b2c5caa6-73cb-4aa5-8198-17d9103d54a3', '2024-06-01 21:47:49.258037', '2024-06-01 22:53:15.483948', 'Mensaje de pruebaaaaaa 3333333333', 'ce77df22-d5ee-423e-99ca-23d64287573a', 'af57f9cd-2823-481e-896c-4b989fbc43dc'),('edab9ed6-0c4c-4e55-8e2f-7218a8c239a9', '2024-06-01 22:58:15.949873', '2024-06-01 22:58:15.949873', 'EHHHHH!!!!', 'ce77df22-d5ee-423e-99ca-23d64287573a', 'af57f9cd-2823-481e-896c-4b989fbc43dc'),('d8a3c111-bfd0-4c8e-8dbb-60340b1192d7', '2024-06-01 22:58:17.166928', '2024-06-01 22:58:17.166928', 'EHHHHH!!!!', 'ce77df22-d5ee-423e-99ca-23d64287573a', 'af57f9cd-2823-481e-896c-4b989fbc43dc'),('340d4eb2-0c05-40bf-b982-4dbffb75d288', '2024-06-01 22:58:32.20138', '2024-06-01 22:58:32.20138', 'sdfsfds', 'ce77df22-d5ee-423e-99ca-23d64287573a', 'af57f9cd-2823-481e-896c-4b989fbc43dc'),('2701cd1d-8fc4-442c-a455-3f3b5a9941b9', '2024-06-01 22:59:45.444289', '2024-06-01 22:59:45.444289', 'afasfasfaaffa', 'ce77df22-d5ee-423e-99ca-23d64287573a', 'af57f9cd-2823-481e-896c-4b989fbc43dc'),('0fae6b7b-67d9-4420-8f92-f3b7d7276ebe', '2024-06-02 03:56:53.780112', '2024-06-02 03:56:53.780112', '322333333', 'ce77df22-d5ee-423e-99ca-23d64287573a', 'bc78c13a-6eac-4950-a853-2ceb2ed32d75');
COMMIT;
BEGIN;
LOCK TABLE "public"."migrations" IN SHARE MODE;
DELETE FROM "public"."migrations";
INSERT INTO "public"."migrations" ("id","timestamp","name") VALUES (1, 1712437270551, 'Initaltables1712437270551'),(2, 1716531336060, 'Initaltables1716531336060'),(3, 1716530080921, 'Initaltables1716530080921');
COMMIT;
BEGIN;
LOCK TABLE "public"."posts" IN SHARE MODE;
DELETE FROM "public"."posts";
INSERT INTO "public"."posts" ("id","created_at","updated_at","title","description","image","content","status","author_id","category_id") VALUES ('63cddf5d-7d14-4082-82ba-7b51660601d3', '2024-04-06 18:27:38.578155', '2024-04-06 18:27:38.578155', 'Prueba 02', 'Posteo de Prueba 02', 'https://getlorem.com/static/images/cicero2.jpg', 'Lorem ipsum dolor sit amet consectetur adipiscing elit curabitur sollicitudin dignissim, eget auctor facilisis platea consequat bibendum senectus gravida. Nam suscipit turpis eleifend dis praesent facilisi rhoncus lacinia habitasse pulvinar, phasellus gravida magna tincidunt ligula cubilia lectus consequat vitae, tempor vulputate integer felis eget suspendisse inceptos condimentum libero. Risus placerat fringilla enim cursus pulvinar sapien purus cum, id consequat morbi nisl turpis sodales donec mus ad, taciti fermentum ut rhoncus vel nec metus. Felis habitant nibh nunc arcu id velit dis cras ligula sociis cubilia proin commodo ridiculus ut feugiat, quis suscipit tempus justo a cum odio at mauris molestie mi inceptos nascetur netus. Nostra euismod quam aenean feugiat habitant ornare a platea luctus est, parturient nullam pharetra justo lacinia et ac curae. Magnis scelerisque mi himenaeos at arcu integer nibh quis massa morbi, torquent felis suspendisse dictum nulla consequat mattis vehicula class tellus, neque maecenas platea malesuada aenean metus vitae erat dignissim.', 'PUBLISHED', 'ce77df22-d5ee-423e-99ca-23d64287573a', '117787a6-ae39-4dd0-ae7b-cea712b153ee'),('8543ded1-b41d-4486-9bcf-c6d8ffddd21c', '2024-04-06 18:27:53.16006', '2024-04-06 18:27:53.16006', 'Prueba 04', 'Posteo de Prueba 04', 'https://getlorem.com/static/images/cicero2.jpg', 'Lorem ipsum dolor sit amet consectetur adipiscing elit curabitur sollicitudin dignissim, eget auctor facilisis platea consequat bibendum senectus gravida. Nam suscipit turpis eleifend dis praesent facilisi rhoncus lacinia habitasse pulvinar, phasellus gravida magna tincidunt ligula cubilia lectus consequat vitae, tempor vulputate integer felis eget suspendisse inceptos condimentum libero. Risus placerat fringilla enim cursus pulvinar sapien purus cum, id consequat morbi nisl turpis sodales donec mus ad, taciti fermentum ut rhoncus vel nec metus. Felis habitant nibh nunc arcu id velit dis cras ligula sociis cubilia proin commodo ridiculus ut feugiat, quis suscipit tempus justo a cum odio at mauris molestie mi inceptos nascetur netus. Nostra euismod quam aenean feugiat habitant ornare a platea luctus est, parturient nullam pharetra justo lacinia et ac curae. Magnis scelerisque mi himenaeos at arcu integer nibh quis massa morbi, torquent felis suspendisse dictum nulla consequat mattis vehicula class tellus, neque maecenas platea malesuada aenean metus vitae erat dignissim.', 'PUBLISHED', 'ce77df22-d5ee-423e-99ca-23d64287573a', '117787a6-ae39-4dd0-ae7b-cea712b153ee'),('ce9942d3-bd03-4c48-851e-d14a7a172cfd', '2024-04-06 18:28:32.331285', '2024-04-06 18:28:32.331285', 'Prueba 05', 'Posteo de Prueba 05', 'https://getlorem.com/static/images/cicero2.jpg', 'Lorem ipsum dolor sit amet consectetur adipiscing elit curabitur sollicitudin dignissim, eget auctor facilisis platea consequat bibendum senectus gravida. Nam suscipit turpis eleifend dis praesent facilisi rhoncus lacinia habitasse pulvinar, phasellus gravida magna tincidunt ligula cubilia lectus consequat vitae, tempor vulputate integer felis eget suspendisse inceptos condimentum libero. Risus placerat fringilla enim cursus pulvinar sapien purus cum, id consequat morbi nisl turpis sodales donec mus ad, taciti fermentum ut rhoncus vel nec metus. Felis habitant nibh nunc arcu id velit dis cras ligula sociis cubilia proin commodo ridiculus ut feugiat, quis suscipit tempus justo a cum odio at mauris molestie mi inceptos nascetur netus. Nostra euismod quam aenean feugiat habitant ornare a platea luctus est, parturient nullam pharetra justo lacinia et ac curae. Magnis scelerisque mi himenaeos at arcu integer nibh quis massa morbi, torquent felis suspendisse dictum nulla consequat mattis vehicula class tellus, neque maecenas platea malesuada aenean metus vitae erat dignissim.', 'ARCHIVED', 'ce77df22-d5ee-423e-99ca-23d64287573a', '117787a6-ae39-4dd0-ae7b-cea712b153ee'),('601bcfe7-9da5-4710-9e6c-10afc2dc814d', '2024-04-06 18:28:40.339796', '2024-04-06 18:28:40.339796', 'Prueba 06', 'Posteo de Prueba 06', 'https://getlorem.com/static/images/cicero2.jpg', 'Lorem ipsum dolor sit amet consectetur adipiscing elit curabitur sollicitudin dignissim, eget auctor facilisis platea consequat bibendum senectus gravida. Nam suscipit turpis eleifend dis praesent facilisi rhoncus lacinia habitasse pulvinar, phasellus gravida magna tincidunt ligula cubilia lectus consequat vitae, tempor vulputate integer felis eget suspendisse inceptos condimentum libero. Risus placerat fringilla enim cursus pulvinar sapien purus cum, id consequat morbi nisl turpis sodales donec mus ad, taciti fermentum ut rhoncus vel nec metus. Felis habitant nibh nunc arcu id velit dis cras ligula sociis cubilia proin commodo ridiculus ut feugiat, quis suscipit tempus justo a cum odio at mauris molestie mi inceptos nascetur netus. Nostra euismod quam aenean feugiat habitant ornare a platea luctus est, parturient nullam pharetra justo lacinia et ac curae. Magnis scelerisque mi himenaeos at arcu integer nibh quis massa morbi, torquent felis suspendisse dictum nulla consequat mattis vehicula class tellus, neque maecenas platea malesuada aenean metus vitae erat dignissim.', 'UNPUBLISHED', 'ce77df22-d5ee-423e-99ca-23d64287573a', '117787a6-ae39-4dd0-ae7b-cea712b153ee'),('af57f9cd-2823-481e-896c-4b989fbc43dc', '2024-04-06 18:27:44.302208', '2024-05-29 03:30:49.128615', 'Prueba 03', 'Posteo de Prueba 03', 'https://getlorem.com/static/images/cicero2.jpg', 'Lorem ipsum dolor sit amet consectetur adipiscing elit curabitur sollicitudin dignissim, eget auctor facilisis platea consequat bibendum senectus gravida. Nam suscipit turpis eleifend dis praesent facilisi rhoncus lacinia habitasse pulvinar, phasellus gravida magna tincidunt ligula cubilia lectus consequat vitae, tempor vulputate integer felis eget suspendisse inceptos condimentum libero. Risus placerat fringilla enim cursus pulvinar sapien purus cum, id consequat morbi nisl turpis sodales donec mus ad, taciti fermentum ut rhoncus vel nec metus. Felis habitant nibh nunc arcu id velit dis cras ligula sociis cubilia proin commodo ridiculus ut feugiat, quis suscipit tempus justo a cum odio at mauris molestie mi inceptos nascetur netus. Nostra euismod quam aenean feugiat habitant ornare a platea luctus est, parturient nullam pharetra justo lacinia et ac curae. Magnis scelerisque mi himenaeos at arcu integer nibh quis massa morbi, torquent felis suspendisse dictum nulla consequat mattis vehicula class tellus, neque maecenas platea malesuada aenean metus vitae erat dignissim.d', 'PUBLISHED', 'ce77df22-d5ee-423e-99ca-23d64287573a', '117787a6-ae39-4dd0-ae7b-cea712b153ee'),('a47db858-ee57-4f0e-9718-ca0deba0cb66', '2024-04-06 18:29:10.528326', '2024-04-06 18:29:10.528326', 'Prueba 11', 'Posteo de Prueba 11', 'https://getlorem.com/static/images/cicero2.jpg', 'Lorem ipsum dolor sit amet consectetur adipiscing elit curabitur sollicitudin dignissim, eget auctor facilisis platea consequat bibendum senectus gravida. Nam suscipit turpis eleifend dis praesent facilisi rhoncus lacinia habitasse pulvinar, phasellus gravida magna tincidunt ligula cubilia lectus consequat vitae, tempor vulputate integer felis eget suspendisse inceptos condimentum libero. Risus placerat fringilla enim cursus pulvinar sapien purus cum, id consequat morbi nisl turpis sodales donec mus ad, taciti fermentum ut rhoncus vel nec metus. Felis habitant nibh nunc arcu id velit dis cras ligula sociis cubilia proin commodo ridiculus ut feugiat, quis suscipit tempus justo a cum odio at mauris molestie mi inceptos nascetur netus. Nostra euismod quam aenean feugiat habitant ornare a platea luctus est, parturient nullam pharetra justo lacinia et ac curae. Magnis scelerisque mi himenaeos at arcu integer nibh quis massa morbi, torquent felis suspendisse dictum nulla consequat mattis vehicula class tellus, neque maecenas platea malesuada aenean metus vitae erat dignissim.', 'ARCHIVED', 'ce77df22-d5ee-423e-99ca-23d64287573a', '3690e254-520c-4c2d-bbaf-9e941a42bf24'),('9d4640a2-45e5-4835-850a-c40a8f21e5ff', '2024-04-06 18:29:04.525233', '2024-04-06 18:29:04.525233', 'Prueba 10', 'Posteo de Prueba 10', 'https://getlorem.com/static/images/cicero2.jpg', 'Lorem ipsum dolor sit amet consectetur adipiscing elit curabitur sollicitudin dignissim, eget auctor facilisis platea consequat bibendum senectus gravida. Nam suscipit turpis eleifend dis praesent facilisi rhoncus lacinia habitasse pulvinar, phasellus gravida magna tincidunt ligula cubilia lectus consequat vitae, tempor vulputate integer felis eget suspendisse inceptos condimentum libero. Risus placerat fringilla enim cursus pulvinar sapien purus cum, id consequat morbi nisl turpis sodales donec mus ad, taciti fermentum ut rhoncus vel nec metus. Felis habitant nibh nunc arcu id velit dis cras ligula sociis cubilia proin commodo ridiculus ut feugiat, quis suscipit tempus justo a cum odio at mauris molestie mi inceptos nascetur netus. Nostra euismod quam aenean feugiat habitant ornare a platea luctus est, parturient nullam pharetra justo lacinia et ac curae. Magnis scelerisque mi himenaeos at arcu integer nibh quis massa morbi, torquent felis suspendisse dictum nulla consequat mattis vehicula class tellus, neque maecenas platea malesuada aenean metus vitae erat dignissim.', 'PUBLISHED', 'ce77df22-d5ee-423e-99ca-23d64287573a', '3690e254-520c-4c2d-bbaf-9e941a42bf24'),('164fc7c6-eb5d-462b-a0dc-e43bf2722ccc', '2024-04-06 18:28:53.671682', '2024-04-06 18:28:53.671682', 'Prueba 09', 'Posteo de Prueba 09', 'https://getlorem.com/static/images/cicero2.jpg', 'Lorem ipsum dolor sit amet consectetur adipiscing elit curabitur sollicitudin dignissim, eget auctor facilisis platea consequat bibendum senectus gravida. Nam suscipit turpis eleifend dis praesent facilisi rhoncus lacinia habitasse pulvinar, phasellus gravida magna tincidunt ligula cubilia lectus consequat vitae, tempor vulputate integer felis eget suspendisse inceptos condimentum libero. Risus placerat fringilla enim cursus pulvinar sapien purus cum, id consequat morbi nisl turpis sodales donec mus ad, taciti fermentum ut rhoncus vel nec metus. Felis habitant nibh nunc arcu id velit dis cras ligula sociis cubilia proin commodo ridiculus ut feugiat, quis suscipit tempus justo a cum odio at mauris molestie mi inceptos nascetur netus. Nostra euismod quam aenean feugiat habitant ornare a platea luctus est, parturient nullam pharetra justo lacinia et ac curae. Magnis scelerisque mi himenaeos at arcu integer nibh quis massa morbi, torquent felis suspendisse dictum nulla consequat mattis vehicula class tellus, neque maecenas platea malesuada aenean metus vitae erat dignissim.', 'PUBLISHED', 'ce77df22-d5ee-423e-99ca-23d64287573a', '3690e254-520c-4c2d-bbaf-9e941a42bf24'),('bbcbffbc-3952-42f6-b0ad-491c17518019', '2024-04-06 18:28:49.121455', '2024-04-06 18:28:49.121455', 'Prueba 08', 'Posteo de Prueba 08', 'https://getlorem.com/static/images/cicero2.jpg', 'Lorem ipsum dolor sit amet consectetur adipiscing elit curabitur sollicitudin dignissim, eget auctor facilisis platea consequat bibendum senectus gravida. Nam suscipit turpis eleifend dis praesent facilisi rhoncus lacinia habitasse pulvinar, phasellus gravida magna tincidunt ligula cubilia lectus consequat vitae, tempor vulputate integer felis eget suspendisse inceptos condimentum libero. Risus placerat fringilla enim cursus pulvinar sapien purus cum, id consequat morbi nisl turpis sodales donec mus ad, taciti fermentum ut rhoncus vel nec metus. Felis habitant nibh nunc arcu id velit dis cras ligula sociis cubilia proin commodo ridiculus ut feugiat, quis suscipit tempus justo a cum odio at mauris molestie mi inceptos nascetur netus. Nostra euismod quam aenean feugiat habitant ornare a platea luctus est, parturient nullam pharetra justo lacinia et ac curae. Magnis scelerisque mi himenaeos at arcu integer nibh quis massa morbi, torquent felis suspendisse dictum nulla consequat mattis vehicula class tellus, neque maecenas platea malesuada aenean metus vitae erat dignissim.', 'PUBLISHED', 'ce77df22-d5ee-423e-99ca-23d64287573a', '3690e254-520c-4c2d-bbaf-9e941a42bf24'),('eb579120-ec33-4dc8-bfe2-cf38f5ffb7b3', '2024-04-06 18:28:45.292262', '2024-04-06 18:28:45.292262', 'Prueba 07', 'Posteo de Prueba 07', 'https://getlorem.com/static/images/cicero2.jpg', 'Lorem ipsum dolor sit amet consectetur adipiscing elit curabitur sollicitudin dignissim, eget auctor facilisis platea consequat bibendum senectus gravida. Nam suscipit turpis eleifend dis praesent facilisi rhoncus lacinia habitasse pulvinar, phasellus gravida magna tincidunt ligula cubilia lectus consequat vitae, tempor vulputate integer felis eget suspendisse inceptos condimentum libero. Risus placerat fringilla enim cursus pulvinar sapien purus cum, id consequat morbi nisl turpis sodales donec mus ad, taciti fermentum ut rhoncus vel nec metus. Felis habitant nibh nunc arcu id velit dis cras ligula sociis cubilia proin commodo ridiculus ut feugiat, quis suscipit tempus justo a cum odio at mauris molestie mi inceptos nascetur netus. Nostra euismod quam aenean feugiat habitant ornare a platea luctus est, parturient nullam pharetra justo lacinia et ac curae. Magnis scelerisque mi himenaeos at arcu integer nibh quis massa morbi, torquent felis suspendisse dictum nulla consequat mattis vehicula class tellus, neque maecenas platea malesuada aenean metus vitae erat dignissim.', 'PUBLISHED', 'ce77df22-d5ee-423e-99ca-23d64287573a', '3690e254-520c-4c2d-bbaf-9e941a42bf24'),('bc78c13a-6eac-4950-a853-2ceb2ed32d75', '2024-05-23 01:42:01.104833', '2024-05-29 03:53:29.863699', 'Post prueba A', 'Descripcion de prueba A', 'https://getlorem.com/static/images/cicero2.jpg', 'Lorem ipsum dolor sit amet consectetur adipiscing elit curabitur sollicitudin dignissim, eget auctor facilisis platea consequat bibendum senectus gravida. Nam suscipit turpis eleifend dis praesent facilisi rhoncus lacinia habitasse pulvinar, phasellus gravida magna tincidunt ligula cubilia lectus consequat vitae, tempor vulputate integer felis eget suspendisse inceptos condimentum libero. Risus placerat fringilla enim cursus pulvinar sapien purus cum, id consequat morbi nisl turpis sodales donec mus ad, taciti fermentum ut rhoncus vel nec metus. Felis habitant nibh nunc arcu id velit dis cras ligula sociis cubilia proin commodo ridiculus ut feugiat, quis suscipit tempus justo a cum odio at mauris molestie mi inceptos nascetur netus. Nostra euismod quam aenean feugiat habitant ornare a platea luctus est, parturient nullam pharetra justo lacinia et ac curae. Magnis scelerisque mi himenaeos at arcu integer nibh quis massa morbi, torquent felis suspendisse dictum nulla consequat mattis vehicula class tellus, neque maecenas platea malesuada aenean metus vitae erat dignissim.Lorem ipsum dolor sit amet consectetur adipiscing elit curabitur sollicitudin dignissim, eget auctor facilisis platea consequat bibendum senectus gravida. Nam suscipit turpis eleifend dis praesent facilisi rhoncus lacinia habitasse pulvinar, phasellus gravida magna tincidunt ligula cubilia lectus consequat vitae, tempor vulputate integer felis eget suspendisse inceptos condimentum libero. Risus placerat fringilla enim cursus pulvinar sapien purus cum, id consequat morbi nisl turpis sodales donec mus ad, taciti fermentum ut rhoncus vel nec metus. Felis habitant nibh nunc arcu id velit dis cras ligula sociis cubilia proin commodo ridiculus ut feugiat, quis suscipit tempus justo a cum odio at mauris molestie mi inceptos nascetur netus. Nostra euismod quam aenean feugiat habitant ornare a platea luctus est, parturient nullam pharetra justo lacinia et ac curae. Magnis scelerisque mi himenaeos at arcu integer nibh quis massa morbi, torquent felis suspendisse dictum nulla consequat mattis vehicula class tellus, neque maecenas platea malesuada aenean metus vitae erat dignissim.', 'ARCHIVED', 'ce77df22-d5ee-423e-99ca-23d64287573a', '82c91c87-b248-4491-a295-436bb1850ea5'),('cd524607-d326-4afe-8815-4f8796b4a8d0', '2024-04-06 18:27:31.194202', '2024-04-06 18:27:31.194202', 'Prueba 01', 'Posteo de Prueba 01', 'https://getlorem.com/static/images/cicero2.jpg', 'Lorem ipsum dolor sit amet consectetur adipiscing elit curabitur sollicitudin dignissim, eget auctor facilisis platea consequat bibendum senectus gravida. Nam suscipit turpis eleifend dis praesent facilisi rhoncus lacinia habitasse pulvinar, phasellus gravida magna tincidunt ligula cubilia lectus consequat vitae, tempor vulputate integer felis eget suspendisse inceptos condimentum libero. Risus placerat fringilla enim cursus pulvinar sapien purus cum, id consequat morbi nisl turpis sodales donec mus ad, taciti fermentum ut rhoncus vel nec metus. Felis habitant nibh nunc arcu id velit dis cras ligula sociis cubilia proin commodo ridiculus ut feugiat, quis suscipit tempus justo a cum odio at mauris molestie mi inceptos nascetur netus. Nostra euismod quam aenean feugiat habitant ornare a platea luctus est, parturient nullam pharetra justo lacinia et ac curae. Magnis scelerisque mi himenaeos at arcu integer nibh quis massa morbi, torquent felis suspendisse dictum nulla consequat mattis vehicula class tellus, neque maecenas platea malesuada aenean metus vitae erat dignissim.', 'PUBLISHED', 'ce77df22-d5ee-423e-99ca-23d64287573a', '117787a6-ae39-4dd0-ae7b-cea712b153ee'),('6c4c9ed1-6345-4ac7-a610-6edaccf614a7', '2024-04-06 18:29:15.675579', '2024-05-27 00:46:27.146473', 'Prueba 12', 'Posteo de Prueba 12', 'https://getlorem.com/static/images/cicero2.jpg', 'Lorem ipsum dolor sit amet consectetur adipiscing elit curabitur sollicitudin dignissim, eget auctor facilisis platea consequat bibendum senectus gravida. Nam suscipit turpis eleifend dis praesent facilisi rhoncus lacinia habitasse pulvinar, phasellus gravida magna tincidunt ligula cubilia lectus consequat vitae, tempor vulputate integer felis eget suspendisse inceptos condimentum libero. Risus placerat fringilla enim cursus pulvinar sapien purus cum, id consequat morbi nisl turpis sodales donec mus ad, taciti fermentum ut rhoncus vel nec metus. Felis habitant nibh nunc arcu id velit dis cras ligula sociis cubilia proin commodo ridiculus ut feugiat, quis suscipit tempus justo a cum odio at mauris molestie mi inceptos nascetur netus. Nostra euismod quam aenean feugiat habitant ornare a platea luctus est, parturient nullam pharetra justo lacinia et ac curae. Magnis scelerisque mi himenaeos at arcu integer nibh quis massa morbi, torquent felis suspendisse dictum nulla consequat mattis vehicula class tellus, neque maecenas platea malesuada aenean metus vitae erat dignissim.', 'PUBLISHED', '20a8f0bd-4ec0-48a2-b41f-d1badb3dac9a', '117787a6-ae39-4dd0-ae7b-cea712b153ee');
COMMIT;
BEGIN;
LOCK TABLE "public"."settings" IN SHARE MODE;
DELETE FROM "public"."settings";
INSERT INTO "public"."settings" ("id","updated_at","brand","facebook","instagram","twitterx","linkedin","youtube","tiktok","terms") VALUES ('1', '2024-06-01 21:10:26.346373', 'MyBlog', 'https://www.facebook.com/MyBlog', 'https://www.instagram.com/MyBlog', 'https://www.x.com/MyBlog', 'https://www.linkedin.com/in/MyBlog', ' https://www.youtube.com/@MyBlog', 'https://www.tiktok.com/@MyBlog', 'Terms and Conditions ("Terms")--------------------------------------------------------Our Terms and Conditions were last updated on [DATE].Please read these terms and conditions carefully before using Our Service.Interpretation and DefinitionsInterpretationThe words of which the initial letter is capitalized have meanings defined under the following conditions.The following definitions shall have the same meaning regardless of whether they appear in singular or inplural.DefinitionsFor the purposes of these Terms and Conditions:● “Affiliate” means an entity that controls, is controlled by or is under common control with a party,where "control" means ownership of 50% or more of the shares, equity interest or other securitiesentitled to vote for election of directors or other managing authority.● “Account” means a unique account created for You to access our Service or parts of our Service.● “Company” (referred to as either "the Company", "We", "Us" or "Our" in this Agreement) refers to[COMPANY_INFORMATION].● “Country” refers to [COMPANY_COUNTRY].● “Content” refers to content such as text, images, or other information that can be posted, uploaded,linked to or otherwise made available by You, regardless of the form of that content.● “Device” means any device that can access the Service such as a computer, a cellphone or a digitaltablet.● “Feedback” means feedback, innovations or suggestions sent by You regarding the attributes,performance or features of our Service.● “Products” refer to the products or items offered for sale on the Service.● “Orders” mean a request by You to purchase Products from Us.● “Promotions” refer to contests, sweepstakes or other promotions offered through the Service.● “Service” refers to the Website.● “Terms and Conditions” (also referred as "Terms") mean these Terms and Conditions that form theentire agreement between You and the Company regarding the use of the Service. This Terms andConditions Agreement was generated by TermsFeed Terms and Conditions Generator.● “Third-party Social Media Service” means any services or content (including data, information,products or services) provided by a third-party that may be displayed, included or made available bythe Service.● “Website” refers to [WEBSITE_NAME], accessible from [WEBSITE_URL]● “You” means the individual accessing or using the Service, or the company, or other legal entity onbehalf of which such individual is accessing or using the Service, as applicable.AcknowledgmentThese are the Terms and Conditions governing the use of this Service and the agreement that operatesbetween You and the Company. These Terms and Conditions set out the rights and obligations of all usersregarding the use of the Service.Your access to and use of the Service is conditioned on Your acceptance of and compliance with theseTerms and Conditions. These Terms and Conditions apply to all visitors, users and others who access oruse the Service.By accessing or using the Service You agree to be bound by these Terms and Conditions. If You disagreewith any part of these Terms and Conditions then You may not access the Service.You represent that you are over the age of 18. The Company does not permit those under 18 to use theService.Your access to and use of the Service is also conditioned on Your acceptance of and compliance with thePrivacy Policy of the Company. Our Privacy Policy describes Our policies and procedures on the collection,use and disclosure of Your personal information when You use the Application or the Website and tells Youabout Your privacy rights and how the law protects You. Please read Our Privacy Policy carefully beforeusing Our Service.User AccountsWhen You create an account with Us, You must provide Us information that is accurate, complete, andcurrent at all times. Failure to do so constitutes a breach of the Terms, which may result in immediatetermination of Your account on Our Service.You are responsible for safeguarding the password that You use to access the Service and for any activitiesor actions under Your password, whether Your password is with Our Service or a Third-Party Social MediaService.You agree not to disclose Your password to any third party. You must notify Us immediately upon becomingaware of any breach of security or unauthorized use of Your account.You may not use as a username the name of another person or entity or that is not lawfully available foruse, a name or trademark that is subject to any rights of another person or entity other than You withoutappropriate authorization, or a name that is otherwise offensive, vulgar or obscene.ContentYour Right to Post ContentOur Service allows You to post Content. You are responsible for the Content that You post to the Service,including its legality, reliability, and appropriateness.By posting Content to the Service, You grant Us the right and license to use, modify, publicly perform,publicly display, reproduce, and distribute such Content on and through the Service. You retain any and allof Your rights to any Content You submit, post or display on or through the Service and You are responsiblefor protecting those rights. You agree that this license includes the right for Us to make Your Contentavailable to other users of the Service, who may also use Your Content subject to these Terms.You represent and warrant that: (i) the Content is Yours (You own it) or You have the right to use it andgrant Us the rights and license as provided in these Terms, and (ii) the posting of Your Content on orthrough the Service does not violate the privacy rights, publicity rights, copyrights, contract rights or anyother rights of any person.Content RestrictionsThe Company is not responsible for the content of the Service''s users. You expressly understand andagree that You are solely responsible for the Content and for all activity that occurs under your account,whether done so by You or any third person using Your account.You may not transmit any Content that is unlawful, offensive, upsetting, intended to disgust, threatening,libelous, defamatory, obscene or otherwise objectionable. Examples of such objectionable Content include,but are not limited to, the following:● Unlawful or promoting unlawful activity.● Defamatory, discriminatory, or mean-spirited content, including references or commentary aboutreligion, race, sexual orientation, gender, national/ethnic origin, or other targeted groups.● Spam, machine – or randomly – generated, constituting unauthorized or unsolicited advertising,chain letters, any other form of unauthorized solicitation, or any form of lottery or gambling.● Containing or installing any viruses, worms, malware, trojan horses, or other content that isdesigned or intended to disrupt, damage, or limit the functioning of any software, hardware ortelecommunications equipment or to damage or obtain unauthorized access to any data or otherinformation of a third person.● Infringing on any proprietary rights of any party, including patent, trademark, trade secret, copyright,right of publicity or other rights.● Impersonating any person or entity including the Company and its employees or representatives.● Violating the privacy of any third person.● False information and features.The Company reserves the right, but not the obligation, to, in its sole discretion, determine whether or notany Content is appropriate and complies with this Terms, refuse or remove this Content. The Companyfurther reserves the right to make formatting and edits and change the manner of any Content. TheCompany can also limit or revoke the use of the Service if You post such objectionable Content. As theCompany cannot control all content posted by users and/or third parties on the Service, you agree to usethe Service at your own risk. You understand that by using the Service You may be exposed to content thatYou may find offensive, indecent, incorrect or objectionable, and You agree that under no circumstances willthe Company be liable in any way for any content, including any errors or omissions in any content, or anyloss or damage of any kind incurred as a result of your use of any content.Content BackupsAlthough regular backups of Content are performed, the Company does not guarantee there will be no lossor corruption of data.Corrupt or invalid backup points may be caused by, without limitation, Content that is corrupted prior tobeing backed up or that changes during the time a backup is performed.The Company will provide support and attempt to troubleshoot any known or discovered issues that mayaffect the backups of Content. But You acknowledge that the Company has no liability related to theintegrity of Content or the failure to successfully restore Content to a usable state.You agree to maintain a complete and accurate copy of any Content in a location independent of theService.Copyright PolicyIntellectual Property InfringementWe respect the intellectual property rights of others. It is Our policy to respond to any claim that Contentposted on the Service infringes a copyright or other intellectual property infringement of any person.If You are a copyright owner, or authorized on behalf of one, and You believe that the copyrighted work hasbeen copied in a way that constitutes copyright infringement that is taking place through the Service, Youmust submit Your notice in writing to the attention of our copyright agent via email([COPYRIGHT_AGENT_CONTACT_EMAIL]) and include in Your notice a detailed description of thealleged infringement.You may be held accountable for damages (including costs and attorneys'' fees) for misrepresenting thatany Content is infringing Your copyright.DMCA Notice and DMCA Procedure for Copyright Infringement ClaimsYou may submit a notification pursuant to the Digital Millennium Copyright Act (DMCA) by providing ourCopyright Agent with the following information in writing (see 17 U.S.C 512(c)(3) for further detail):● An electronic or physical signature of the person authorized to act on behalf of the owner of thecopyright''s interest.● A description of the copyrighted work that You claim has been infringed, including the URL (i.e., webpage address) of the location where the copyrighted work exists or a copy of the copyrighted work.● Identification of the URL or other specific location on the Service where the material that You claimis infringing is located.● Your address, telephone number, and email address.● A statement by You that You have a good faith belief that the disputed use is not authorized by thecopyright owner, its agent, or the law.● A statement by You, made under penalty of perjury, that the above information in Your notice isaccurate and that You are the copyright owner or authorized to act on the copyright owner''s behalf.You can contact our copyright agent via email ([COPYRIGHT_AGENT_CONTACT_EMAIL]). Upon receiptof a notification, the Company will take whatever action, in its sole discretion, it deems appropriate,including removal of the challenged content from the Service.Placing Orders for ProductsBy placing an Order for Products through the Service, You warrant that You are legally capable of enteringinto binding contracts.Your InformationIf You wish to place an Order for Products available on the Service, You may be asked to supply certaininformation relevant to Your Order including, without limitation, Your name, Your email, Your phone number,Your credit card number, the expiration date of Your credit card, Your billing address, and Your shippinginformation.You represent and warrant that: (i) You have the legal right to use any credit or debit card(s) or otherpayment method(s) in connection with any Order; and that (ii) the information You supply to us is true,correct and complete.By submitting such information, You grant us the right to provide the information to payment processingthird parties for purposes of facilitating the completion of Your Order.Order CancellationWe reserve the right to refuse or cancel Your Order at any time for certain reasons including but not limitedto:● Products availability● Errors in the description or prices for Products● Errors in Your OrderWe reserve the right to refuse or cancel Your Order if fraud or an unauthorized or illegal transaction issuspected.Your Order Cancellation RightsAny Products you purchase can only be returned or refunded in accordance with these Terms andConditions.Availability, Errors and InaccuraciesWe are constantly updating Our offerings of Products on the Service. The Products available on OurService may be mispriced, described inaccurately, or unavailable, and We may experience delays inupdating information regarding our Products on the Service and in Our advertising on other websites.We cannot and do not guarantee the accuracy or completeness of any information, including prices,product images, specifications, availability, and services. We reserve the right to change or updateinformation and to correct errors, inaccuracies, or omissions at any time without prior notice.Prices PolicyThe Company reserves the right to revise its prices at any time prior to accepting an Order.The prices quoted may be revised by the Company subsequent to accepting an Order in the event of anyoccurrence affecting delivery caused by government action, variation in customs duties, increased shippingcharges, higher foreign exchange costs and any other matter beyond the control of the Company. In thatevent, You will have the right to cancel Your Order.PaymentsPayment can be made through various payment methods we have available, such as Visa, MasterCard,Affinity Card, American Express cards or online payment methods (PayPal, for example).Payment cards (credit cards or debit cards) are subject to validation checks and authorization by Your cardissuer. If we do not receive the required authorization, We will not be liable for any delay or non-delivery ofYour Order.PromotionsAny Promotions made available through the Service may be governed by rules that are separate fromthese Terms.If You participate in any Promotions, please review the applicable rules as well as our Privacy policy. If therules for a Promotion conflict with these Terms, the Promotion rules will apply.Intellectual PropertyThe Service and its original content (excluding Content provided by You or other users), features andfunctionality are and will remain the exclusive property of the Company and its licensors.The Service is protected by copyright, trademark, and other laws of both the Country and foreign countries.Our trademarks and trade dress may not be used in connection with any product or service without the priorwritten consent of the Company.Your Feedback to UsYou assign all rights, title and interest in any Feedback You provide the Company. If for any reason suchassignment is ineffective, You agree to grant the Company a non-exclusive, perpetual, irrevocable, royaltyfree, worldwide right and license to use, reproduce, disclose, sub-license, distribute, modify and exploitsuch Feedback without restriction.Links to Other WebsitesOur Service may contain links to third-party web sites or services that are not owned or controlled by theCompany.The Company has no control over, and assumes no responsibility for, the content, privacy policies, orpractices of any third party web sites or services. You further acknowledge and agree that the Companyshall not be responsible or liable, directly or indirectly, for any damage or loss caused or alleged to becaused by or in connection with the use of or reliance on any such content, goods or services available onor through any such web sites or services.We strongly advise You to read the terms and conditions and privacy policies of any third-party web sites orservices that You visit.TerminationWe may terminate or suspend Your Account immediately, without prior notice or liability, for any reasonwhatsoever, including without limitation if You breach these Terms and Conditions.Upon termination, Your right to use the Service will cease immediately. If You wish to terminate YourAccount, You may simply discontinue using the Service.Limitation of LiabilityNotwithstanding any damages that You might incur, the entire liability of the Company and any of itssuppliers under any provision of this Terms and Your exclusive remedy for all of the foregoing shall belimited to the amount actually paid by You through the Service or 100 USD if You haven''t purchasedanything through the Service.To the maximum extent permitted by applicable law, in no event shall the Company or its suppliers be liablefor any special, incidental, indirect, or consequential damages whatsoever (including, but not limited to,damages for loss of profits, loss of data or other information, for business interruption, for personal injury,loss of privacy arising out of or in any way related to the use of or inability to use the Service, third-partysoftware and/or third-party hardware used with the Service, or otherwise in connection with any provision ofthis Terms), even if the Company or any supplier has been advised of the possibility of such damages andeven if the remedy fails of its essential purpose.Some states do not allow the exclusion of implied warranties or limitation of liability for incidental orconsequential damages, which means that some of the above limitations may not apply. In these states,each party''s liability will be limited to the greatest extent permitted by law."AS IS" and "AS AVAILABLE" DisclaimerThe Service is provided to You "AS IS" and "AS AVAILABLE" and with all faults and defects withoutwarranty of any kind. To the maximum extent permitted under applicable law, the Company, on its ownbehalf and on behalf of its Affiliates and its and their respective licensors and service providers, expresslydisclaims all warranties, whether express, implied, statutory or otherwise, with respect to the Service,including all implied warranties of merchantability, fitness for a particular purpose, title andnon-infringement, and warranties that may arise out of course of dealing, course of performance, usage ortrade practice. Without limitation to the foregoing, the Company provides no warranty or undertaking, andmakes no representation of any kind that the Service will meet Your requirements, achieve any intendedresults, be compatible or work with any other software, applications, systems or services, operate withoutinterruption, meet any performance or reliability standards or be error free or that any errors or defects canor will be corrected.Without limiting the foregoing, neither the Company nor any of the company''s provider makes anyrepresentation or warranty of any kind, express or implied: (i) as to the operation or availability of theService, or the information, content, and materials or products included thereon; (ii) that the Service will beuninterrupted or error-free; (iii) as to the accuracy, reliability, or currency of any information or contentprovided through the Service; or (iv) that the Service, its servers, the content, or e-mails sent from or onbehalf of the Company are free of viruses, scripts, trojan horses, worms, malware, timebombs or otherharmful components.Some jurisdictions do not allow the exclusion of certain types of warranties or limitations on applicablestatutory rights of a consumer, so some or all of the above exclusions and limitations may not apply to You.But in such a case the exclusions and limitations set forth in this section shall be applied to the greatestextent enforceable under applicable law.Governing LawThe laws of the Country, excluding its conflicts of law rules, shall govern this Terms and Your use of theService. Your use of the Application may also be subject to other local, state, national, or international laws.Disputes ResolutionIf You have any concern or dispute about the Service, You agree to first try to resolve the dispute informallyby contacting the Company.For European Union (EU) UsersIf You are a European Union consumer, you will benefit from any mandatory provisions of the law of thecountry in which you are resident in.United States Legal ComplianceYou represent and warrant that (i) You are not located in a country that is subject to the United Statesgovernment embargo, or that has been designated by the United States government as a "terroristsupporting" country, and (ii) You are not listed on any United States government list of prohibited orrestricted parties.Severability and WaiverSeverabilityIf any provision of these Terms is held to be unenforceable or invalid, such provision will be changed andinterpreted to accomplish the objectives of such provision to the greatest extent possible under applicablelaw and the remaining provisions will continue in full force and effect.WaiverExcept as provided herein, the failure to exercise a right or to require performance of an obligation underthis Terms shall not effect a party''s ability to exercise such right or require such performance at any timethereafter nor shall be the waiver of a breach constitute a waiver of any subsequent breach.Changes to These Terms and ConditionsWe reserve the right, at Our sole discretion, to modify or replace these Terms at any time. If a revision ismaterial We will make reasonable efforts to provide at least 30 days'' notice prior to any new terms takingeffect. What constitutes a material change will be determined at Our sole discretion.By continuing to access or use Our Service after those revisions become effective, You agree to be boundby the revised terms. If You do not agree to the new terms, in whole or in part, please stop using thewebsite and the Service.Contact UsIf you have any questions about these Terms and Conditions, You can contact us:● By visiting this page on our website: [WEBSITE_CONTACT_PAGE_URL]● By sending us an email: [WEBSITE_CONTACT_EMAIL]');
COMMIT;
BEGIN;
LOCK TABLE "public"."users" IN SHARE MODE;
DELETE FROM "public"."users";
INSERT INTO "public"."users" ("id","created_at","updated_at","username","email","password","status","role","karma","avatar","first_name","last_name","age","city","country") VALUES ('20a8f0bd-4ec0-48a2-b41f-d1badb3dac9a', '2024-05-07 18:31:50.224432', '2024-06-01 18:08:12.986241', 'Tester4', 'tester4@tester.com', '$2b$10$Ui1uWUAmSFnK7jWFEssbhei8ZZuS0xcZ4k2DdDHNGqn7SWBmkHTja', 'ENABLED', 'MODERATOR', 0, '', 'Tester4', 'Tester4b', 33, 'Chubut', 'Argentina'),('ce77df22-d5ee-423e-99ca-23d64287573a', '2024-04-06 18:02:11.476708', '2024-06-01 18:08:22.618053', 'Admin', 'admin@tester.com', '$2b$10$Ui1uWUAmSFnK7jWFEssbhei8ZZuS0xcZ4k2DdDHNGqn7SWBmkHTja', 'ENABLED', 'ADMIN', 0, '', 'Admin', 'AdminTester', 43, 'Córdoba', 'Argentina'),('b0a5bd7f-0636-474b-b4ce-dc034dbbb586', '2024-04-06 18:03:03.43559', '2024-05-26 23:07:15.978198', 'Tester1', 'tester1@tester.com', '$2b$10$YGdaRKSV.n4WsAZ8OaBRLunci8KCCY/LdvTA9mh/PuHSnhR.hvBgu', 'ENABLED', 'EDITOR', 0, '', 'Tester1', 'Tester1', 29, 'Salta', 'Argentina'),('2573cba1-0b88-410c-9c5a-c137068e76c7', '2024-04-06 18:03:30.661969', '2024-05-20 23:13:33.781973', 'Tester2', 'tester2@tester.com', '$2b$10$Ui1uWUAmSFnK7jWFEssbhei8ZZuS0xcZ4k2DdDHNGqn7SWBmkHTja', 'ENABLED', 'ADMIN', 0, '', 'Tester2', 'Tester2', 35, 'Mendoza', 'Argentina'),('22d4a576-c334-4e14-bdce-96fe62552198', '2024-05-07 18:09:14.67934', '2024-06-01 18:19:58.935012', 'Tester3', 'tester3@tester.com', '$2b$10$Cxh3Q3S8PaQKPAtlEapUsu.epZHIISWYGav99PZWiR4H2fKFpKs8e', 'ENABLED', 'EDITOR', 0, '', 'Tester3', 'Tester3', 33, 'San Luis', 'Argentina'),('96914328-495e-4219-bec1-3ee6b1fe960d', '2024-06-01 19:47:53.504494', '2024-06-01 19:47:53.504494', 'Tester5', 'tester5@tester.com', '$2b$10$DZJT.GD9GDpBYb8undCw3eb1BekTxFtWWOONHtc4Q/l5AD.rCIyqm', 'PENDING', 'BASIC', 0, '', 'Tester5', 'Tester5', 29, 'Bariloche', 'Argentina');
COMMIT;
ALTER TABLE "categories" ADD CONSTRAINT "PK_24dbc6126a28ff948da33e97d3b" PRIMARY KEY ("id");
ALTER TABLE "comments" ADD CONSTRAINT "PK_8bf68bc960f2b69e818bdb90dcb" PRIMARY KEY ("id");
ALTER TABLE "migrations" ADD CONSTRAINT "PK_8c82d7f526340ab734260ea46be" PRIMARY KEY ("id");
ALTER TABLE "posts" ADD CONSTRAINT "PK_2829ac61eff60fcec60d7274b9e" PRIMARY KEY ("id");
ALTER TABLE "settings" ADD CONSTRAINT "PK_0669fe20e252eb692bf4d344975" PRIMARY KEY ("id");
ALTER TABLE "users" ADD CONSTRAINT "PK_a3ffb1c0c8416b9fc6f907b7433" PRIMARY KEY ("id");
ALTER TABLE "categories" ADD CONSTRAINT "UQ_aa79448dc3e959720ab4c13651d" UNIQUE ("title");
ALTER TABLE "categories" ADD CONSTRAINT "FK_66378506bf59ebe3924f1f48b0e" FOREIGN KEY ("author_id") REFERENCES "public"."users" ("id") ON DELETE NO ACTION ON UPDATE NO ACTION;
ALTER TABLE "comments" ADD CONSTRAINT "FK_259bf9825d9d198608d1b46b0b5" FOREIGN KEY ("post_id") REFERENCES "public"."posts" ("id") ON DELETE NO ACTION ON UPDATE NO ACTION;
ALTER TABLE "comments" ADD CONSTRAINT "FK_e6d38899c31997c45d128a8973b" FOREIGN KEY ("author_id") REFERENCES "public"."users" ("id") ON DELETE NO ACTION ON UPDATE NO ACTION;
ALTER TABLE "posts" ADD CONSTRAINT "UQ_2d82eb2bb2ddd7a6bfac8804d8a" UNIQUE ("title");
ALTER TABLE "posts" ADD CONSTRAINT "FK_312c63be865c81b922e39c2475e" FOREIGN KEY ("author_id") REFERENCES "public"."users" ("id") ON DELETE NO ACTION ON UPDATE NO ACTION;
ALTER TABLE "posts" ADD CONSTRAINT "FK_852f266adc5d67c40405c887b49" FOREIGN KEY ("category_id") REFERENCES "public"."categories" ("id") ON DELETE NO ACTION ON UPDATE NO ACTION;
ALTER TABLE "users" ADD CONSTRAINT "UQ_fe0bb3f6520ee0469504521e710" UNIQUE ("username");
ALTER TABLE "users" ADD CONSTRAINT "UQ_97672ac88f789774dd47f7c8be3" UNIQUE ("email");
ALTER SEQUENCE "migrations_id_seq"
OWNED BY "migrations"."id";
SELECT setval('"migrations_id_seq"', 3, true);
ALTER SEQUENCE "migrations_id_seq" OWNER TO "blogdbu";
