/*
blogdb sample data
Database: blogdb/public
*/

BEGIN;
LOCK TABLE "public"."categories" IN SHARE MODE;
DELETE FROM "public"."categories";
INSERT INTO "public"."categories" ("id","created_at","updated_at","title","description","image","status","author_id") VALUES ('3690e254-520c-4c2d-bbaf-9e941a42bf24', '2024-04-06 18:29:50.836759', '2024-04-06 18:29:50.836759', 'Default Category 2', 'Default Category description 2', 'https://getlorem.com/static/images/cicero2.jpg', 'PUBLISHED', 'ce77df22-d5ee-423e-99ca-23d64287573a'),('0062df53-ba89-4d36-8521-d18dd75dbeaf', '2024-05-22 22:40:48.28474', '2024-05-22 22:40:48.28474', 'Default Category 3e', 'Default Category description 3e', 'https://getlorem.com/static/images/cicero2.jpg', 'UNPUBLISHED', 'ce77df22-d5ee-423e-99ca-23d64287573a'),('c415cd28-e27f-43eb-831a-38093295a2bb', '2024-05-22 21:37:47.904607', '2024-05-22 21:37:47.904607', 'Default Category 3b', 'Default Category description 3b', 'https://getlorem.com/static/images/cicero2.jpg', 'UNPUBLISHED', 'ce77df22-d5ee-423e-99ca-23d64287573a'),('dfa9805a-b9f1-4411-8056-c649761abd77', '2024-05-22 22:32:43.073806', '2024-05-22 22:32:43.073806', 'Default Category 3d', 'Default Category description 3d', 'https://getlorem.com/static/images/cicero2.jpg', 'UNPUBLISHED', 'ce77df22-d5ee-423e-99ca-23d64287573a'),('117787a6-ae39-4dd0-ae7b-cea712b153ee', '2024-04-06 18:25:29.759575', '2024-04-06 18:25:29.759575', 'Default Category', 'Default Category description', 'https://getlorem.com/static/images/cicero2.jpg', 'PUBLISHED', 'ce77df22-d5ee-423e-99ca-23d64287573a'),('e5ad8378-1023-4446-9323-3a4ca6d6cca3', '2024-05-22 14:22:42.701459', '2024-05-22 14:22:42.701459', 'Default Category 3', 'Default Category description 3', 'https://getlorem.com/static/images/cicero2.jpg', 'PUBLISHED', 'ce77df22-d5ee-423e-99ca-23d64287573a'),('641b7b50-f563-4089-a785-8a2329b0fb47', '2024-05-22 22:32:11.099991', '2024-05-26 22:40:47.573475', 'Default Category 3c', 'Default Category description 3c', 'https://getlorem.com/static/images/cicero2.jpg', 'ARCHIVED', 'ce77df22-d5ee-423e-99ca-23d64287573a'),('82c91c87-b248-4491-a295-436bb1850ea5', '2024-05-23 00:23:54.17399', '2024-05-23 00:23:54.17399', 'Categoria 4', 'Default Category description 4', 'https://getlorem.com/static/images/cicero2.jpg', 'PUBLISHED', 'ce77df22-d5ee-423e-99ca-23d64287573a'),('7410e256-c1c4-49f1-b301-3af935d001ad', '2024-05-23 00:13:09.209516', '2024-05-27 11:21:20.420476', 'Default Category (Updated!)', 'Default Category description 3f', 'https://getlorem.com/static/images/cicero2.jpg', 'UNPUBLISHED', 'ce77df22-d5ee-423e-99ca-23d64287573a'),('9071eef8-3161-4620-b86a-761b41b9d975', '2024-05-22 21:33:37.931779', '2024-05-27 22:32:19.329665', 'Default Category 5', 'Default Category description 5', 'https://getlorem.com/static/images/cicero2.jpg', 'PUBLISHED', '20a8f0bd-4ec0-48a2-b41f-d1badb3dac9a'),('42a7e7ef-6924-4849-b00b-d784dba6c028', '2024-05-23 00:14:05.779268', '2024-05-27 23:03:36.470773', 'Default Category 6', 'Default Category description 6', 'https://getlorem.com/static/images/cicero2.jpg', 'UNPUBLISHED', 'ce77df22-d5ee-423e-99ca-23d64287573a');
COMMIT;
BEGIN;
LOCK TABLE "public"."comments" IN SHARE MODE;
DELETE FROM "public"."comments";
INSERT INTO "public"."comments" ("id","created_at","updated_at","message","author_id","post_id") VALUES ('979e1eab-bad3-4985-af20-59838ad00955', '2024-05-23 18:04:54.271768', '2024-05-23 18:04:54.271768', 'Este es un mensaje de prueba 04', 'ce77df22-d5ee-423e-99ca-23d64287573a', 'bc78c13a-6eac-4950-a853-2ceb2ed32d75'),('aa4f05a3-a78e-428e-961c-64bd02fe64dd', '2024-05-23 18:05:11.103146', '2024-05-23 18:05:11.103146', 'Este es un mensaje de prueba!!!', 'ce77df22-d5ee-423e-99ca-23d64287573a', 'bc78c13a-6eac-4950-a853-2ceb2ed32d75'),('4227921a-4d7a-43a6-899b-f3c9e6dc165b', '2024-05-23 18:07:09.106282', '2024-05-23 18:07:09.106282', 'Este es un mensaje de prueba 2!!!', 'ce77df22-d5ee-423e-99ca-23d64287573a', 'bc78c13a-6eac-4950-a853-2ceb2ed32d75'),('fa3bfcae-97da-401b-9f32-cf76cb2bad9f', '2024-05-23 18:23:48.755958', '2024-05-23 18:23:48.755958', 'sdfdsfdsf', 'ce77df22-d5ee-423e-99ca-23d64287573a', 'bc78c13a-6eac-4950-a853-2ceb2ed32d75'),('2f0d4673-0ee3-4566-ba74-8aac48667561', '2024-05-23 21:51:49.263425', '2024-05-23 21:51:49.263425', 'fdfdsfdsfds', 'ce77df22-d5ee-423e-99ca-23d64287573a', 'bc78c13a-6eac-4950-a853-2ceb2ed32d75'),('b5874372-e167-4ee2-96ce-aed345bc0232', '2024-05-23 21:53:03.543158', '2024-05-23 21:53:03.543158', 'ffghddfgf3 4543523', 'ce77df22-d5ee-423e-99ca-23d64287573a', 'bc78c13a-6eac-4950-a853-2ceb2ed32d75'),('93807bd4-8c7a-41bd-b522-4dc3bc277695', '2024-05-23 21:54:18.176287', '2024-05-23 21:54:18.176287', 'ffghddfgf3 4543523', 'ce77df22-d5ee-423e-99ca-23d64287573a', 'bc78c13a-6eac-4950-a853-2ceb2ed32d75'),('967a61b1-28ec-4d21-a158-a5c29d66dd4f', '2024-04-06 18:52:45.651306', '2024-04-06 18:52:45.651306', 'Este es un mensaje de prueba 03', '20a8f0bd-4ec0-48a2-b41f-d1badb3dac9a', '63cddf5d-7d14-4082-82ba-7b51660601d3'),('cd8f6015-1356-48d5-8298-69985cf8d259', '2024-04-06 18:52:34.615192', '2024-04-06 18:52:34.615192', 'Este es un mensaje de prueba 02', 'ce77df22-d5ee-423e-99ca-23d64287573a', 'af57f9cd-2823-481e-896c-4b989fbc43dc'),('da9e7077-66bb-46a2-b3b4-815d4c774bf0', '2024-04-06 18:52:29.866309', '2024-04-06 18:52:29.866309', 'Este es un mensaje de prueba 01', 'ce77df22-d5ee-423e-99ca-23d64287573a', '63cddf5d-7d14-4082-82ba-7b51660601d3'),('e37cd4be-8d47-42c8-80d1-58ec182297c1', '2024-05-25 14:32:45.238888', '2024-05-28 14:31:50.108528', 'Mensaje de prueba nuevo v2', 'ce77df22-d5ee-423e-99ca-23d64287573a', 'bc78c13a-6eac-4950-a853-2ceb2ed32d75'),('e2dacc7c-8c9c-4665-9a04-c0f6b2024478', '2024-05-23 21:49:49.110954', '2024-05-28 21:09:05.53944', 'Prueba de *********', 'ce77df22-d5ee-423e-99ca-23d64287573a', 'bc78c13a-6eac-4950-a853-2ceb2ed32d75'),('8340780e-1d3c-49af-8c6f-fc58506ac9bf', '2024-06-01 20:33:04.837782', '2024-06-01 20:33:04.837782', 'dsadasdasdas', 'ce77df22-d5ee-423e-99ca-23d64287573a', 'bc78c13a-6eac-4950-a853-2ceb2ed32d75'),('e6d71169-2889-4318-8cf2-5dc2ae36bad8', '2024-06-01 21:47:45.904294', '2024-06-01 21:47:45.904294', 'Mensaje de pruebaaaaaa ', 'ce77df22-d5ee-423e-99ca-23d64287573a', 'af57f9cd-2823-481e-896c-4b989fbc43dc'),('8a4c933e-1b18-4d77-a815-6648496f1a11', '2024-06-01 21:47:48.72609', '2024-06-01 21:47:48.72609', 'Mensaje de pruebaaaaaa ', 'ce77df22-d5ee-423e-99ca-23d64287573a', 'af57f9cd-2823-481e-896c-4b989fbc43dc'),('51cd7d70-9606-4fff-a02c-1323921485aa', '2024-06-01 21:47:49.082964', '2024-06-01 21:47:49.082964', 'Mensaje de pruebaaaaaa ', 'ce77df22-d5ee-423e-99ca-23d64287573a', 'af57f9cd-2823-481e-896c-4b989fbc43dc'),('7f1e3874-5220-463e-a72b-980b9614c5ba', '2024-06-01 21:47:49.406718', '2024-06-01 21:47:49.406718', 'Mensaje de pruebaaaaaa ', 'ce77df22-d5ee-423e-99ca-23d64287573a', 'af57f9cd-2823-481e-896c-4b989fbc43dc'),('b2c5caa6-73cb-4aa5-8198-17d9103d54a3', '2024-06-01 21:47:49.258037', '2024-06-01 22:53:15.483948', 'Mensaje de pruebaaaaaa 3333333333', 'ce77df22-d5ee-423e-99ca-23d64287573a', 'af57f9cd-2823-481e-896c-4b989fbc43dc'),('edab9ed6-0c4c-4e55-8e2f-7218a8c239a9', '2024-06-01 22:58:15.949873', '2024-06-01 22:58:15.949873', 'EHHHHH!!!!', 'ce77df22-d5ee-423e-99ca-23d64287573a', 'af57f9cd-2823-481e-896c-4b989fbc43dc'),('d8a3c111-bfd0-4c8e-8dbb-60340b1192d7', '2024-06-01 22:58:17.166928', '2024-06-01 22:58:17.166928', 'EHHHHH!!!!', 'ce77df22-d5ee-423e-99ca-23d64287573a', 'af57f9cd-2823-481e-896c-4b989fbc43dc'),('340d4eb2-0c05-40bf-b982-4dbffb75d288', '2024-06-01 22:58:32.20138', '2024-06-01 22:58:32.20138', 'sdfsfds', 'ce77df22-d5ee-423e-99ca-23d64287573a', 'af57f9cd-2823-481e-896c-4b989fbc43dc'),('2701cd1d-8fc4-442c-a455-3f3b5a9941b9', '2024-06-01 22:59:45.444289', '2024-06-01 22:59:45.444289', 'afasfasfaaffa', 'ce77df22-d5ee-423e-99ca-23d64287573a', 'af57f9cd-2823-481e-896c-4b989fbc43dc'),('0fae6b7b-67d9-4420-8f92-f3b7d7276ebe', '2024-06-02 03:56:53.780112', '2024-06-02 03:56:53.780112', '322333333', 'ce77df22-d5ee-423e-99ca-23d64287573a', 'bc78c13a-6eac-4950-a853-2ceb2ed32d75');
COMMIT;
BEGIN;
LOCK TABLE "public"."posts" IN SHARE MODE;
DELETE FROM "public"."posts";
INSERT INTO "public"."posts" ("id","created_at","updated_at","title","description","image","content","status","author_id","category_id") VALUES ('63cddf5d-7d14-4082-82ba-7b51660601d3', '2024-04-06 18:27:38.578155', '2024-04-06 18:27:38.578155', 'Prueba 02', 'Posteo de Prueba 02', 'https://getlorem.com/static/images/cicero2.jpg', 'Lorem ipsum dolor sit amet consectetur adipiscing elit curabitur sollicitudin dignissim, eget auctor facilisis platea consequat bibendum senectus gravida. Nam suscipit turpis eleifend dis praesent facilisi rhoncus lacinia habitasse pulvinar, phasellus gravida magna tincidunt ligula cubilia lectus consequat vitae, tempor vulputate integer felis eget suspendisse inceptos condimentum libero. Risus placerat fringilla enim cursus pulvinar sapien purus cum, id consequat morbi nisl turpis sodales donec mus ad, taciti fermentum ut rhoncus vel nec metus. Felis habitant nibh nunc arcu id velit dis cras ligula sociis cubilia proin commodo ridiculus ut feugiat, quis suscipit tempus justo a cum odio at mauris molestie mi inceptos nascetur netus. Nostra euismod quam aenean feugiat habitant ornare a platea luctus est, parturient nullam pharetra justo lacinia et ac curae. Magnis scelerisque mi himenaeos at arcu integer nibh quis massa morbi, torquent felis suspendisse dictum nulla consequat mattis vehicula class tellus, neque maecenas platea malesuada aenean metus vitae erat dignissim.', 'PUBLISHED', 'ce77df22-d5ee-423e-99ca-23d64287573a', '117787a6-ae39-4dd0-ae7b-cea712b153ee'),('8543ded1-b41d-4486-9bcf-c6d8ffddd21c', '2024-04-06 18:27:53.16006', '2024-04-06 18:27:53.16006', 'Prueba 04', 'Posteo de Prueba 04', 'https://getlorem.com/static/images/cicero2.jpg', 'Lorem ipsum dolor sit amet consectetur adipiscing elit curabitur sollicitudin dignissim, eget auctor facilisis platea consequat bibendum senectus gravida. Nam suscipit turpis eleifend dis praesent facilisi rhoncus lacinia habitasse pulvinar, phasellus gravida magna tincidunt ligula cubilia lectus consequat vitae, tempor vulputate integer felis eget suspendisse inceptos condimentum libero. Risus placerat fringilla enim cursus pulvinar sapien purus cum, id consequat morbi nisl turpis sodales donec mus ad, taciti fermentum ut rhoncus vel nec metus. Felis habitant nibh nunc arcu id velit dis cras ligula sociis cubilia proin commodo ridiculus ut feugiat, quis suscipit tempus justo a cum odio at mauris molestie mi inceptos nascetur netus. Nostra euismod quam aenean feugiat habitant ornare a platea luctus est, parturient nullam pharetra justo lacinia et ac curae. Magnis scelerisque mi himenaeos at arcu integer nibh quis massa morbi, torquent felis suspendisse dictum nulla consequat mattis vehicula class tellus, neque maecenas platea malesuada aenean metus vitae erat dignissim.', 'PUBLISHED', 'ce77df22-d5ee-423e-99ca-23d64287573a', '117787a6-ae39-4dd0-ae7b-cea712b153ee'),('ce9942d3-bd03-4c48-851e-d14a7a172cfd', '2024-04-06 18:28:32.331285', '2024-04-06 18:28:32.331285', 'Prueba 05', 'Posteo de Prueba 05', 'https://getlorem.com/static/images/cicero2.jpg', 'Lorem ipsum dolor sit amet consectetur adipiscing elit curabitur sollicitudin dignissim, eget auctor facilisis platea consequat bibendum senectus gravida. Nam suscipit turpis eleifend dis praesent facilisi rhoncus lacinia habitasse pulvinar, phasellus gravida magna tincidunt ligula cubilia lectus consequat vitae, tempor vulputate integer felis eget suspendisse inceptos condimentum libero. Risus placerat fringilla enim cursus pulvinar sapien purus cum, id consequat morbi nisl turpis sodales donec mus ad, taciti fermentum ut rhoncus vel nec metus. Felis habitant nibh nunc arcu id velit dis cras ligula sociis cubilia proin commodo ridiculus ut feugiat, quis suscipit tempus justo a cum odio at mauris molestie mi inceptos nascetur netus. Nostra euismod quam aenean feugiat habitant ornare a platea luctus est, parturient nullam pharetra justo lacinia et ac curae. Magnis scelerisque mi himenaeos at arcu integer nibh quis massa morbi, torquent felis suspendisse dictum nulla consequat mattis vehicula class tellus, neque maecenas platea malesuada aenean metus vitae erat dignissim.', 'ARCHIVED', 'ce77df22-d5ee-423e-99ca-23d64287573a', '117787a6-ae39-4dd0-ae7b-cea712b153ee'),('601bcfe7-9da5-4710-9e6c-10afc2dc814d', '2024-04-06 18:28:40.339796', '2024-04-06 18:28:40.339796', 'Prueba 06', 'Posteo de Prueba 06', 'https://getlorem.com/static/images/cicero2.jpg', 'Lorem ipsum dolor sit amet consectetur adipiscing elit curabitur sollicitudin dignissim, eget auctor facilisis platea consequat bibendum senectus gravida. Nam suscipit turpis eleifend dis praesent facilisi rhoncus lacinia habitasse pulvinar, phasellus gravida magna tincidunt ligula cubilia lectus consequat vitae, tempor vulputate integer felis eget suspendisse inceptos condimentum libero. Risus placerat fringilla enim cursus pulvinar sapien purus cum, id consequat morbi nisl turpis sodales donec mus ad, taciti fermentum ut rhoncus vel nec metus. Felis habitant nibh nunc arcu id velit dis cras ligula sociis cubilia proin commodo ridiculus ut feugiat, quis suscipit tempus justo a cum odio at mauris molestie mi inceptos nascetur netus. Nostra euismod quam aenean feugiat habitant ornare a platea luctus est, parturient nullam pharetra justo lacinia et ac curae. Magnis scelerisque mi himenaeos at arcu integer nibh quis massa morbi, torquent felis suspendisse dictum nulla consequat mattis vehicula class tellus, neque maecenas platea malesuada aenean metus vitae erat dignissim.', 'UNPUBLISHED', 'ce77df22-d5ee-423e-99ca-23d64287573a', '117787a6-ae39-4dd0-ae7b-cea712b153ee'),('af57f9cd-2823-481e-896c-4b989fbc43dc', '2024-04-06 18:27:44.302208', '2024-05-29 03:30:49.128615', 'Prueba 03', 'Posteo de Prueba 03', 'https://getlorem.com/static/images/cicero2.jpg', 'Lorem ipsum dolor sit amet consectetur adipiscing elit curabitur sollicitudin dignissim, eget auctor facilisis platea consequat bibendum senectus gravida. Nam suscipit turpis eleifend dis praesent facilisi rhoncus lacinia habitasse pulvinar, phasellus gravida magna tincidunt ligula cubilia lectus consequat vitae, tempor vulputate integer felis eget suspendisse inceptos condimentum libero. Risus placerat fringilla enim cursus pulvinar sapien purus cum, id consequat morbi nisl turpis sodales donec mus ad, taciti fermentum ut rhoncus vel nec metus. Felis habitant nibh nunc arcu id velit dis cras ligula sociis cubilia proin commodo ridiculus ut feugiat, quis suscipit tempus justo a cum odio at mauris molestie mi inceptos nascetur netus. Nostra euismod quam aenean feugiat habitant ornare a platea luctus est, parturient nullam pharetra justo lacinia et ac curae. Magnis scelerisque mi himenaeos at arcu integer nibh quis massa morbi, torquent felis suspendisse dictum nulla consequat mattis vehicula class tellus, neque maecenas platea malesuada aenean metus vitae erat dignissim.d', 'PUBLISHED', 'ce77df22-d5ee-423e-99ca-23d64287573a', '117787a6-ae39-4dd0-ae7b-cea712b153ee'),('a47db858-ee57-4f0e-9718-ca0deba0cb66', '2024-04-06 18:29:10.528326', '2024-04-06 18:29:10.528326', 'Prueba 11', 'Posteo de Prueba 11', 'https://getlorem.com/static/images/cicero2.jpg', 'Lorem ipsum dolor sit amet consectetur adipiscing elit curabitur sollicitudin dignissim, eget auctor facilisis platea consequat bibendum senectus gravida. Nam suscipit turpis eleifend dis praesent facilisi rhoncus lacinia habitasse pulvinar, phasellus gravida magna tincidunt ligula cubilia lectus consequat vitae, tempor vulputate integer felis eget suspendisse inceptos condimentum libero. Risus placerat fringilla enim cursus pulvinar sapien purus cum, id consequat morbi nisl turpis sodales donec mus ad, taciti fermentum ut rhoncus vel nec metus. Felis habitant nibh nunc arcu id velit dis cras ligula sociis cubilia proin commodo ridiculus ut feugiat, quis suscipit tempus justo a cum odio at mauris molestie mi inceptos nascetur netus. Nostra euismod quam aenean feugiat habitant ornare a platea luctus est, parturient nullam pharetra justo lacinia et ac curae. Magnis scelerisque mi himenaeos at arcu integer nibh quis massa morbi, torquent felis suspendisse dictum nulla consequat mattis vehicula class tellus, neque maecenas platea malesuada aenean metus vitae erat dignissim.', 'ARCHIVED', 'ce77df22-d5ee-423e-99ca-23d64287573a', '3690e254-520c-4c2d-bbaf-9e941a42bf24'),('9d4640a2-45e5-4835-850a-c40a8f21e5ff', '2024-04-06 18:29:04.525233', '2024-04-06 18:29:04.525233', 'Prueba 10', 'Posteo de Prueba 10', 'https://getlorem.com/static/images/cicero2.jpg', 'Lorem ipsum dolor sit amet consectetur adipiscing elit curabitur sollicitudin dignissim, eget auctor facilisis platea consequat bibendum senectus gravida. Nam suscipit turpis eleifend dis praesent facilisi rhoncus lacinia habitasse pulvinar, phasellus gravida magna tincidunt ligula cubilia lectus consequat vitae, tempor vulputate integer felis eget suspendisse inceptos condimentum libero. Risus placerat fringilla enim cursus pulvinar sapien purus cum, id consequat morbi nisl turpis sodales donec mus ad, taciti fermentum ut rhoncus vel nec metus. Felis habitant nibh nunc arcu id velit dis cras ligula sociis cubilia proin commodo ridiculus ut feugiat, quis suscipit tempus justo a cum odio at mauris molestie mi inceptos nascetur netus. Nostra euismod quam aenean feugiat habitant ornare a platea luctus est, parturient nullam pharetra justo lacinia et ac curae. Magnis scelerisque mi himenaeos at arcu integer nibh quis massa morbi, torquent felis suspendisse dictum nulla consequat mattis vehicula class tellus, neque maecenas platea malesuada aenean metus vitae erat dignissim.', 'PUBLISHED', 'ce77df22-d5ee-423e-99ca-23d64287573a', '3690e254-520c-4c2d-bbaf-9e941a42bf24'),('164fc7c6-eb5d-462b-a0dc-e43bf2722ccc', '2024-04-06 18:28:53.671682', '2024-04-06 18:28:53.671682', 'Prueba 09', 'Posteo de Prueba 09', 'https://getlorem.com/static/images/cicero2.jpg', 'Lorem ipsum dolor sit amet consectetur adipiscing elit curabitur sollicitudin dignissim, eget auctor facilisis platea consequat bibendum senectus gravida. Nam suscipit turpis eleifend dis praesent facilisi rhoncus lacinia habitasse pulvinar, phasellus gravida magna tincidunt ligula cubilia lectus consequat vitae, tempor vulputate integer felis eget suspendisse inceptos condimentum libero. Risus placerat fringilla enim cursus pulvinar sapien purus cum, id consequat morbi nisl turpis sodales donec mus ad, taciti fermentum ut rhoncus vel nec metus. Felis habitant nibh nunc arcu id velit dis cras ligula sociis cubilia proin commodo ridiculus ut feugiat, quis suscipit tempus justo a cum odio at mauris molestie mi inceptos nascetur netus. Nostra euismod quam aenean feugiat habitant ornare a platea luctus est, parturient nullam pharetra justo lacinia et ac curae. Magnis scelerisque mi himenaeos at arcu integer nibh quis massa morbi, torquent felis suspendisse dictum nulla consequat mattis vehicula class tellus, neque maecenas platea malesuada aenean metus vitae erat dignissim.', 'PUBLISHED', 'ce77df22-d5ee-423e-99ca-23d64287573a', '3690e254-520c-4c2d-bbaf-9e941a42bf24'),('bbcbffbc-3952-42f6-b0ad-491c17518019', '2024-04-06 18:28:49.121455', '2024-04-06 18:28:49.121455', 'Prueba 08', 'Posteo de Prueba 08', 'https://getlorem.com/static/images/cicero2.jpg', 'Lorem ipsum dolor sit amet consectetur adipiscing elit curabitur sollicitudin dignissim, eget auctor facilisis platea consequat bibendum senectus gravida. Nam suscipit turpis eleifend dis praesent facilisi rhoncus lacinia habitasse pulvinar, phasellus gravida magna tincidunt ligula cubilia lectus consequat vitae, tempor vulputate integer felis eget suspendisse inceptos condimentum libero. Risus placerat fringilla enim cursus pulvinar sapien purus cum, id consequat morbi nisl turpis sodales donec mus ad, taciti fermentum ut rhoncus vel nec metus. Felis habitant nibh nunc arcu id velit dis cras ligula sociis cubilia proin commodo ridiculus ut feugiat, quis suscipit tempus justo a cum odio at mauris molestie mi inceptos nascetur netus. Nostra euismod quam aenean feugiat habitant ornare a platea luctus est, parturient nullam pharetra justo lacinia et ac curae. Magnis scelerisque mi himenaeos at arcu integer nibh quis massa morbi, torquent felis suspendisse dictum nulla consequat mattis vehicula class tellus, neque maecenas platea malesuada aenean metus vitae erat dignissim.', 'PUBLISHED', 'ce77df22-d5ee-423e-99ca-23d64287573a', '3690e254-520c-4c2d-bbaf-9e941a42bf24'),('eb579120-ec33-4dc8-bfe2-cf38f5ffb7b3', '2024-04-06 18:28:45.292262', '2024-04-06 18:28:45.292262', 'Prueba 07', 'Posteo de Prueba 07', 'https://getlorem.com/static/images/cicero2.jpg', 'Lorem ipsum dolor sit amet consectetur adipiscing elit curabitur sollicitudin dignissim, eget auctor facilisis platea consequat bibendum senectus gravida. Nam suscipit turpis eleifend dis praesent facilisi rhoncus lacinia habitasse pulvinar, phasellus gravida magna tincidunt ligula cubilia lectus consequat vitae, tempor vulputate integer felis eget suspendisse inceptos condimentum libero. Risus placerat fringilla enim cursus pulvinar sapien purus cum, id consequat morbi nisl turpis sodales donec mus ad, taciti fermentum ut rhoncus vel nec metus. Felis habitant nibh nunc arcu id velit dis cras ligula sociis cubilia proin commodo ridiculus ut feugiat, quis suscipit tempus justo a cum odio at mauris molestie mi inceptos nascetur netus. Nostra euismod quam aenean feugiat habitant ornare a platea luctus est, parturient nullam pharetra justo lacinia et ac curae. Magnis scelerisque mi himenaeos at arcu integer nibh quis massa morbi, torquent felis suspendisse dictum nulla consequat mattis vehicula class tellus, neque maecenas platea malesuada aenean metus vitae erat dignissim.', 'PUBLISHED', 'ce77df22-d5ee-423e-99ca-23d64287573a', '3690e254-520c-4c2d-bbaf-9e941a42bf24'),('bc78c13a-6eac-4950-a853-2ceb2ed32d75', '2024-05-23 01:42:01.104833', '2024-05-29 03:53:29.863699', 'Post prueba A', 'Descripcion de prueba A', 'https://getlorem.com/static/images/cicero2.jpg', 'Lorem ipsum dolor sit amet consectetur adipiscing elit curabitur sollicitudin dignissim, eget auctor facilisis platea consequat bibendum senectus gravida. Nam suscipit turpis eleifend dis praesent facilisi rhoncus lacinia habitasse pulvinar, phasellus gravida magna tincidunt ligula cubilia lectus consequat vitae, tempor vulputate integer felis eget suspendisse inceptos condimentum libero. Risus placerat fringilla enim cursus pulvinar sapien purus cum, id consequat morbi nisl turpis sodales donec mus ad, taciti fermentum ut rhoncus vel nec metus. Felis habitant nibh nunc arcu id velit dis cras ligula sociis cubilia proin commodo ridiculus ut feugiat, quis suscipit tempus justo a cum odio at mauris molestie mi inceptos nascetur netus. Nostra euismod quam aenean feugiat habitant ornare a platea luctus est, parturient nullam pharetra justo lacinia et ac curae. Magnis scelerisque mi himenaeos at arcu integer nibh quis massa morbi, torquent felis suspendisse dictum nulla consequat mattis vehicula class tellus, neque maecenas platea malesuada aenean metus vitae erat dignissim.Lorem ipsum dolor sit amet consectetur adipiscing elit curabitur sollicitudin dignissim, eget auctor facilisis platea consequat bibendum senectus gravida. Nam suscipit turpis eleifend dis praesent facilisi rhoncus lacinia habitasse pulvinar, phasellus gravida magna tincidunt ligula cubilia lectus consequat vitae, tempor vulputate integer felis eget suspendisse inceptos condimentum libero. Risus placerat fringilla enim cursus pulvinar sapien purus cum, id consequat morbi nisl turpis sodales donec mus ad, taciti fermentum ut rhoncus vel nec metus. Felis habitant nibh nunc arcu id velit dis cras ligula sociis cubilia proin commodo ridiculus ut feugiat, quis suscipit tempus justo a cum odio at mauris molestie mi inceptos nascetur netus. Nostra euismod quam aenean feugiat habitant ornare a platea luctus est, parturient nullam pharetra justo lacinia et ac curae. Magnis scelerisque mi himenaeos at arcu integer nibh quis massa morbi, torquent felis suspendisse dictum nulla consequat mattis vehicula class tellus, neque maecenas platea malesuada aenean metus vitae erat dignissim.', 'ARCHIVED', 'ce77df22-d5ee-423e-99ca-23d64287573a', '82c91c87-b248-4491-a295-436bb1850ea5'),('cd524607-d326-4afe-8815-4f8796b4a8d0', '2024-04-06 18:27:31.194202', '2024-04-06 18:27:31.194202', 'Prueba 01', 'Posteo de Prueba 01', 'https://getlorem.com/static/images/cicero2.jpg', 'Lorem ipsum dolor sit amet consectetur adipiscing elit curabitur sollicitudin dignissim, eget auctor facilisis platea consequat bibendum senectus gravida. Nam suscipit turpis eleifend dis praesent facilisi rhoncus lacinia habitasse pulvinar, phasellus gravida magna tincidunt ligula cubilia lectus consequat vitae, tempor vulputate integer felis eget suspendisse inceptos condimentum libero. Risus placerat fringilla enim cursus pulvinar sapien purus cum, id consequat morbi nisl turpis sodales donec mus ad, taciti fermentum ut rhoncus vel nec metus. Felis habitant nibh nunc arcu id velit dis cras ligula sociis cubilia proin commodo ridiculus ut feugiat, quis suscipit tempus justo a cum odio at mauris molestie mi inceptos nascetur netus. Nostra euismod quam aenean feugiat habitant ornare a platea luctus est, parturient nullam pharetra justo lacinia et ac curae. Magnis scelerisque mi himenaeos at arcu integer nibh quis massa morbi, torquent felis suspendisse dictum nulla consequat mattis vehicula class tellus, neque maecenas platea malesuada aenean metus vitae erat dignissim.', 'PUBLISHED', 'ce77df22-d5ee-423e-99ca-23d64287573a', '117787a6-ae39-4dd0-ae7b-cea712b153ee'),('6c4c9ed1-6345-4ac7-a610-6edaccf614a7', '2024-04-06 18:29:15.675579', '2024-05-27 00:46:27.146473', 'Prueba 12', 'Posteo de Prueba 12', 'https://getlorem.com/static/images/cicero2.jpg', 'Lorem ipsum dolor sit amet consectetur adipiscing elit curabitur sollicitudin dignissim, eget auctor facilisis platea consequat bibendum senectus gravida. Nam suscipit turpis eleifend dis praesent facilisi rhoncus lacinia habitasse pulvinar, phasellus gravida magna tincidunt ligula cubilia lectus consequat vitae, tempor vulputate integer felis eget suspendisse inceptos condimentum libero. Risus placerat fringilla enim cursus pulvinar sapien purus cum, id consequat morbi nisl turpis sodales donec mus ad, taciti fermentum ut rhoncus vel nec metus. Felis habitant nibh nunc arcu id velit dis cras ligula sociis cubilia proin commodo ridiculus ut feugiat, quis suscipit tempus justo a cum odio at mauris molestie mi inceptos nascetur netus. Nostra euismod quam aenean feugiat habitant ornare a platea luctus est, parturient nullam pharetra justo lacinia et ac curae. Magnis scelerisque mi himenaeos at arcu integer nibh quis massa morbi, torquent felis suspendisse dictum nulla consequat mattis vehicula class tellus, neque maecenas platea malesuada aenean metus vitae erat dignissim.', 'PUBLISHED', '20a8f0bd-4ec0-48a2-b41f-d1badb3dac9a', '117787a6-ae39-4dd0-ae7b-cea712b153ee');
COMMIT;
BEGIN;
LOCK TABLE "public"."users" IN SHARE MODE;
DELETE FROM "public"."users";
INSERT INTO "public"."users" ("id","created_at","updated_at","username","email","password","status","role","karma","avatar","first_name","last_name","age","city","country") VALUES ('20a8f0bd-4ec0-48a2-b41f-d1badb3dac9a', '2024-05-07 18:31:50.224432', '2024-06-01 18:08:12.986241', 'Tester4', 'tester4@tester.com', '$2b$10$Ui1uWUAmSFnK7jWFEssbhei8ZZuS0xcZ4k2DdDHNGqn7SWBmkHTja', 'ENABLED', 'MODERATOR', 0, '', 'Tester4', 'Tester4b', 33, 'Chubut', 'Argentina'),('ce77df22-d5ee-423e-99ca-23d64287573a', '2024-04-06 18:02:11.476708', '2024-06-01 18:08:22.618053', 'Tester0', 'tester0@tester.com', '$2b$10$Ui1uWUAmSFnK7jWFEssbhei8ZZuS0xcZ4k2DdDHNGqn7SWBmkHTja', 'ENABLED', 'BASIC', 0, '', 'Tester0', 'Tester0', 43, 'Córdoba', 'Argentina'),('b0a5bd7f-0636-474b-b4ce-dc034dbbb586', '2024-04-06 18:03:03.43559', '2024-05-26 23:07:15.978198', 'Tester1', 'tester1@tester.com', '$2b$10$YGdaRKSV.n4WsAZ8OaBRLunci8KCCY/LdvTA9mh/PuHSnhR.hvBgu', 'ENABLED', 'BASIC', 0, '', 'Tester1', 'Tester1', 29, 'Salta', 'Argentina'),('2573cba1-0b88-410c-9c5a-c137068e76c7', '2024-04-06 18:03:30.661969', '2024-05-20 23:13:33.781973', 'Tester2', 'tester2@tester.com', '$2b$10$Ui1uWUAmSFnK7jWFEssbhei8ZZuS0xcZ4k2DdDHNGqn7SWBmkHTja', 'ENABLED', 'BASIC', 0, '', 'Tester2', 'Tester2', 35, 'Mendoza', 'Argentina'),('22d4a576-c334-4e14-bdce-96fe62552198', '2024-05-07 18:09:14.67934', '2024-06-01 18:19:58.935012', 'Tester3', 'tester3@tester.com', '$2b$10$Cxh3Q3S8PaQKPAtlEapUsu.epZHIISWYGav99PZWiR4H2fKFpKs8e', 'ENABLED', 'BASIC', 0, '', 'Tester3', 'Tester3', 33, 'San Luis', 'Argentina'),('96914328-495e-4219-bec1-3ee6b1fe960d', '2024-06-01 19:47:53.504494', '2024-06-01 19:47:53.504494', 'Tester5', 'tester5@tester.com', '$2b$10$DZJT.GD9GDpBYb8undCw3eb1BekTxFtWWOONHtc4Q/l5AD.rCIyqm', 'PENDING', 'BASIC', 0, '', 'Tester5', 'Tester5', 29, 'Bariloche', 'Argentina');
COMMIT;
